Alias	Type	Experiment	ExperimentModalities	Repetition
pot1	Sensor	DIA2017	WW	1
pot2	Sensor	DIA2017	WW	1
pot3	Sensor	DIA2017	WW	1
pot4	Sensor	DIA2017	WW	1
pot5	Sensor	DIA2017	WW	1
pot6	Sensor	DIA2017	WW	1
pot7	Sensor	DIA2017	WW	1
pot8	Sensor	DIA2017	WW	1
pot9	Sensor	DIA2017	WW	1
pot10	Sensor	DIA2017	WW	1
pot11	Sensor	DIA2017	WW	1
pot12	Sensor	DIA2017	WW	1
pot13	Sensor	DIA2017	WW	1
pot14	Sensor	DIA2017	WW	1
pot15	Sensor	DIA2017	WW	1
pot16	Sensor	DIA2017	WW	1
pot17	Sensor	DIA2017	WW	1
pot18	Sensor	DIA2017	WW	1
pot19	Sensor	DIA2017	WW	1
pot20	Sensor	DIA2017	WW	1
pot21	Sensor	DIA2017	WW	1
pot22	Sensor	DIA2017	WW	1
pot23	Sensor	DIA2017	WW	1
pot24	Sensor	DIA2017	WW	1
pot25	Sensor	DIA2017	WW	1
pot26	Sensor	DIA2017	WW	1
pot27	Sensor	DIA2017	WW	1
pot28	Sensor	DIA2017	WW	1
pot29	Sensor	DIA2017	WW	1
pot30	Sensor	DIA2017	WW	1
pot31	Sensor	DIA2017	WW	1
pot32	Sensor	DIA2017	WW	1
pot33	Sensor	DIA2017	WW	1
pot34	Sensor	DIA2017	WW	1
pot35	Sensor	DIA2017	WW	1
pot36	Sensor	DIA2017	WW	1
pot37	Sensor	DIA2017	WW	1
pot38	Sensor	DIA2017	WW	1
pot39	Sensor	DIA2017	WW	1
pot40	Sensor	DIA2017	WW	1
pot41	Sensor	DIA2017	WW	1
pot42	Sensor	DIA2017	WW	1
pot43	Sensor	DIA2017	WW	1
pot44	Sensor	DIA2017	WW	1
pot45	Sensor	DIA2017	WW	1
pot46	Sensor	DIA2017	WW	1
pot47	Sensor	DIA2017	WW	1
pot48	Sensor	DIA2017	WW	1
pot49	Sensor	DIA2017	WW	1
pot50	Sensor	DIA2017	WW	1
pot51	Sensor	DIA2017	WW	1
pot52	Sensor	DIA2017	WW	1
pot53	Sensor	DIA2017	WW	1
pot54	Sensor	DIA2017	WW	1
pot55	Sensor	DIA2017	WW	1
pot56	Sensor	DIA2017	WW	1
pot57	Sensor	DIA2017	WW	1
pot58	Sensor	DIA2017	WW	1
pot59	Sensor	DIA2017	WW	1
pot60	Sensor	DIA2017	WW	1
pot61	Sensor	DIA2017	WW	1
pot62	Sensor	DIA2017	WW	1
pot63	Sensor	DIA2017	WW	1
pot64	Sensor	DIA2017	WW	1
pot65	Sensor	DIA2017	WW	1
pot66	Sensor	DIA2017	WW	2
pot67	Sensor	DIA2017	WW	2
pot68	Sensor	DIA2017	WW	2
pot69	Sensor	DIA2017	WW	2
pot70	Sensor	DIA2017	WW	2
pot71	Sensor	DIA2017	WW	2
pot72	Sensor	DIA2017	WW	2
pot73	Sensor	DIA2017	WW	2
pot74	Sensor	DIA2017	WW	2
pot75	Sensor	DIA2017	WW	2
pot76	Sensor	DIA2017	WW	2
pot77	Sensor	DIA2017	WW	2
pot78	Sensor	DIA2017	WW	2
pot79	Sensor	DIA2017	WW	2
pot80	Sensor	DIA2017	WW	2
pot81	Sensor	DIA2017	WW	2
pot82	Sensor	DIA2017	WW	2
pot83	Sensor	DIA2017	WW	2
pot84	Sensor	DIA2017	WW	2
pot85	Sensor	DIA2017	WW	2
pot86	Sensor	DIA2017	WW	2
pot87	Sensor	DIA2017	WW	2
pot88	Sensor	DIA2017	WW	2
pot89	Sensor	DIA2017	WW	2
pot90	Sensor	DIA2017	WW	2
pot91	Sensor	DIA2017	WW	2
pot92	Sensor	DIA2017	WW	2
pot93	Sensor	DIA2017	WW	2
pot94	Sensor	DIA2017	WW	2
pot95	Sensor	DIA2017	WW	2
pot96	Sensor	DIA2017	WW	2
pot97	Sensor	DIA2017	WW	2
pot98	Sensor	DIA2017	WW	2
pot99	Sensor	DIA2017	WW	2
pot100	Sensor	DIA2017	WW	2
pot101	Sensor	DIA2017	WW	2
pot102	Sensor	DIA2017	WW	2
pot103	Sensor	DIA2017	WW	2
pot104	Sensor	DIA2017	WW	2
pot105	Sensor	DIA2017	WW	2
pot106	Sensor	DIA2017	WW	2
pot107	Sensor	DIA2017	WW	2
pot108	Sensor	DIA2017	WW	2
pot109	Sensor	DIA2017	WW	2
pot110	Sensor	DIA2017	WW	2
pot111	Sensor	DIA2017	WW	2
pot112	Sensor	DIA2017	WW	2
pot113	Sensor	DIA2017	WW	2
pot114	Sensor	DIA2017	WW	2
pot115	Sensor	DIA2017	WW	2
pot116	Sensor	DIA2017	WW	2
pot117	Sensor	DIA2017	WW	2
pot118	Sensor	DIA2017	WW	2
pot119	Sensor	DIA2017	WW	2
pot120	Sensor	DIA2017	WW	2
pot121	Sensor	DIA2017	WW	2
pot122	Sensor	DIA2017	WW	2
pot123	Sensor	DIA2017	WW	2
pot124	Sensor	DIA2017	WW	2
pot125	Sensor	DIA2017	WW	2
pot126	Sensor	DIA2017	WW	2
pot127	Sensor	DIA2017	WW	2
pot128	Sensor	DIA2017	WW	2
pot129	Sensor	DIA2017	WW	2
pot130	Sensor	DIA2017	WW	2
pot131	Sensor	DIA2017	WD1	1
pot132	Sensor	DIA2017	WD1	1
pot133	Sensor	DIA2017	WD1	1
pot134	Sensor	DIA2017	WD1	1
pot135	Sensor	DIA2017	WD1	1
pot136	Sensor	DIA2017	WD1	1
pot137	Sensor	DIA2017	WD1	1
pot138	Sensor	DIA2017	WD1	1
pot139	Sensor	DIA2017	WD1	1
pot140	Sensor	DIA2017	WD1	1
pot141	Sensor	DIA2017	WD1	1
pot142	Sensor	DIA2017	WD1	1
pot143	Sensor	DIA2017	WD1	1
pot144	Sensor	DIA2017	WD1	1
pot145	Sensor	DIA2017	WD1	1
pot146	Sensor	DIA2017	WD1	1
pot147	Sensor	DIA2017	WD1	1
pot148	Sensor	DIA2017	WD1	1
pot149	Sensor	DIA2017	WD1	1
pot150	Sensor	DIA2017	WD1	1
pot151	Sensor	DIA2017	WD1	1
pot152	Sensor	DIA2017	WD1	1
pot153	Sensor	DIA2017	WD1	1
pot154	Sensor	DIA2017	WD1	1
pot155	Sensor	DIA2017	WD1	1
pot156	Sensor	DIA2017	WD1	1
pot157	Sensor	DIA2017	WD1	1
pot158	Sensor	DIA2017	WD1	1
pot159	Sensor	DIA2017	WD1	1
pot160	Sensor	DIA2017	WD1	1
pot161	Sensor	DIA2017	WD1	1
pot162	Sensor	DIA2017	WD1	1
pot163	Sensor	DIA2017	WD1	1
pot164	Sensor	DIA2017	WD1	1
pot165	Sensor	DIA2017	WD1	1
pot166	Sensor	DIA2017	WD1	1
pot167	Sensor	DIA2017	WD1	1
pot168	Sensor	DIA2017	WD1	1
pot169	Sensor	DIA2017	WD1	1
pot170	Sensor	DIA2017	WD1	1
pot171	Sensor	DIA2017	WD1	1
pot172	Sensor	DIA2017	WD1	1
pot173	Sensor	DIA2017	WD1	1
pot174	Sensor	DIA2017	WD1	1
pot175	Sensor	DIA2017	WD1	1
pot176	Sensor	DIA2017	WD1	1
pot177	Sensor	DIA2017	WD1	1
pot178	Sensor	DIA2017	WD1	1
pot179	Sensor	DIA2017	WD1	1
pot180	Sensor	DIA2017	WD1	1
pot181	Sensor	DIA2017	WD1	1
pot182	Sensor	DIA2017	WD1	1
pot183	Sensor	DIA2017	WD1	1
pot184	Sensor	DIA2017	WD1	1
pot185	Sensor	DIA2017	WD1	1
pot186	Sensor	DIA2017	WD1	1
pot187	Sensor	DIA2017	WD1	1
pot188	Sensor	DIA2017	WD1	1
pot189	Sensor	DIA2017	WD1	1
pot190	Sensor	DIA2017	WD1	1
pot191	Sensor	DIA2017	WD1	1
pot192	Sensor	DIA2017	WD1	1
pot193	Sensor	DIA2017	WD1	1
pot194	Sensor	DIA2017	WD1	1
pot195	Sensor	DIA2017	WD1	1
pot196	Sensor	DIA2017	WD1	2
pot197	Sensor	DIA2017	WD1	2
pot198	Sensor	DIA2017	WD1	2
pot199	Sensor	DIA2017	WD1	2
pot200	Sensor	DIA2017	WD1	2
pot201	Sensor	DIA2017	WD1	2
pot202	Sensor	DIA2017	WD1	2
pot203	Sensor	DIA2017	WD1	2
pot204	Sensor	DIA2017	WD1	2
pot205	Sensor	DIA2017	WD1	2
pot206	Sensor	DIA2017	WD1	2
pot207	Sensor	DIA2017	WD1	2
pot208	Sensor	DIA2017	WD1	2
pot209	Sensor	DIA2017	WD1	2
pot210	Sensor	DIA2017	WD1	2
pot211	Sensor	DIA2017	WD1	2
pot212	Sensor	DIA2017	WD1	2
pot213	Sensor	DIA2017	WD1	2
pot214	Sensor	DIA2017	WD1	2
pot215	Sensor	DIA2017	WD1	2
pot216	Sensor	DIA2017	WD1	2
pot217	Sensor	DIA2017	WD1	2
pot218	Sensor	DIA2017	WD1	2
pot219	Sensor	DIA2017	WD1	2
pot220	Sensor	DIA2017	WD1	2
pot221	Sensor	DIA2017	WD1	2
pot222	Sensor	DIA2017	WD1	2
pot223	Sensor	DIA2017	WD1	2
pot224	Sensor	DIA2017	WD1	2
pot225	Sensor	DIA2017	WD1	2
pot226	Sensor	DIA2017	WD1	2
pot227	Sensor	DIA2017	WD1	2
pot228	Sensor	DIA2017	WD1	2
pot229	Sensor	DIA2017	WD1	2
pot230	Sensor	DIA2017	WD1	2
pot231	Sensor	DIA2017	WD1	2
pot232	Sensor	DIA2017	WD1	2
pot233	Sensor	DIA2017	WD1	2
pot234	Sensor	DIA2017	WD1	2
pot235	Sensor	DIA2017	WD1	2
pot236	Sensor	DIA2017	WD1	2
pot237	Sensor	DIA2017	WD1	2
pot238	Sensor	DIA2017	WD1	2
pot239	Sensor	DIA2017	WD1	2
pot240	Sensor	DIA2017	WD1	2
pot241	Sensor	DIA2017	WD1	2
pot242	Sensor	DIA2017	WD1	2
pot243	Sensor	DIA2017	WD1	2
pot244	Sensor	DIA2017	WD1	2
pot245	Sensor	DIA2017	WD1	2
pot246	Sensor	DIA2017	WD1	2
pot247	Sensor	DIA2017	WD1	2
pot248	Sensor	DIA2017	WD1	2
pot249	Sensor	DIA2017	WD1	2
pot250	Sensor	DIA2017	WD1	2
pot251	Sensor	DIA2017	WD1	2
pot252	Sensor	DIA2017	WD1	2
pot253	Sensor	DIA2017	WD1	2
pot254	Sensor	DIA2017	WD1	2
pot255	Sensor	DIA2017	WD1	2
pot256	Sensor	DIA2017	WD1	2
pot257	Sensor	DIA2017	WD1	2
pot258	Sensor	DIA2017	WD1	2
pot259	Sensor	DIA2017	WD1	2
pot260	Sensor	DIA2017	WD1	2
pot261	Sensor	DIA2017	WD2	1
pot262	Sensor	DIA2017	WD2	1
pot263	Sensor	DIA2017	WD2	1
pot264	Sensor	DIA2017	WD2	1
pot265	Sensor	DIA2017	WD2	1
pot266	Sensor	DIA2017	WD2	1
pot267	Sensor	DIA2017	WD2	1
pot268	Sensor	DIA2017	WD2	1
pot269	Sensor	DIA2017	WD2	1
pot270	Sensor	DIA2017	WD2	1
pot271	Sensor	DIA2017	WD2	1
pot272	Sensor	DIA2017	WD2	1
pot273	Sensor	DIA2017	WD2	1
pot274	Sensor	DIA2017	WD2	1
pot275	Sensor	DIA2017	WD2	1
pot276	Sensor	DIA2017	WD2	1
pot277	Sensor	DIA2017	WD2	1
pot278	Sensor	DIA2017	WD2	1
pot279	Sensor	DIA2017	WD2	1
pot280	Sensor	DIA2017	WD2	1
pot281	Sensor	DIA2017	WD2	1
pot282	Sensor	DIA2017	WD2	1
pot283	Sensor	DIA2017	WD2	1
pot284	Sensor	DIA2017	WD2	1
pot285	Sensor	DIA2017	WD2	1
pot286	Sensor	DIA2017	WD2	1
pot287	Sensor	DIA2017	WD2	1
pot288	Sensor	DIA2017	WD2	1
pot289	Sensor	DIA2017	WD2	1
pot290	Sensor	DIA2017	WD2	1
pot291	Sensor	DIA2017	WD2	1
pot292	Sensor	DIA2017	WD2	1
pot293	Sensor	DIA2017	WD2	1
pot294	Sensor	DIA2017	WD2	1
pot295	Sensor	DIA2017	WD2	1
pot296	Sensor	DIA2017	WD2	1
pot297	Sensor	DIA2017	WD2	1
pot298	Sensor	DIA2017	WD2	1
pot299	Sensor	DIA2017	WD2	1
pot300	Sensor	DIA2017	WD2	1
pot301	Sensor	DIA2017	WD2	1
pot302	Sensor	DIA2017	WD2	1
pot303	Sensor	DIA2017	WD2	1
pot304	Sensor	DIA2017	WD2	1
pot305	Sensor	DIA2017	WD2	1
pot306	Sensor	DIA2017	WD2	1
pot307	Sensor	DIA2017	WD2	1
pot308	Sensor	DIA2017	WD2	1
pot309	Sensor	DIA2017	WD2	1
pot310	Sensor	DIA2017	WD2	1
pot311	Sensor	DIA2017	WD2	1
pot312	Sensor	DIA2017	WD2	1
pot313	Sensor	DIA2017	WD2	1
pot314	Sensor	DIA2017	WD2	1
pot315	Sensor	DIA2017	WD2	1
pot316	Sensor	DIA2017	WD2	1
pot317	Sensor	DIA2017	WD2	1
pot318	Sensor	DIA2017	WD2	1
pot319	Sensor	DIA2017	WD2	1
pot320	Sensor	DIA2017	WD2	1
pot321	Sensor	DIA2017	WD2	1
pot322	Sensor	DIA2017	WD2	1
pot323	Sensor	DIA2017	WD2	1
pot324	Sensor	DIA2017	WD2	1
pot325	Sensor	DIA2017	WD2	1
pot326	Sensor	DIA2017	WD2	2
pot327	Sensor	DIA2017	WD2	2
pot328	Sensor	DIA2017	WD2	2
pot329	Sensor	DIA2017	WD2	2
pot330	Sensor	DIA2017	WD2	2
pot331	Sensor	DIA2017	WD2	2
pot332	Sensor	DIA2017	WD2	2
pot333	Sensor	DIA2017	WD2	2
pot334	Sensor	DIA2017	WD2	2
pot335	Sensor	DIA2017	WD2	2
pot336	Sensor	DIA2017	WD2	2
pot337	Sensor	DIA2017	WD2	2
pot338	Sensor	DIA2017	WD2	2
pot339	Sensor	DIA2017	WD2	2
pot340	Sensor	DIA2017	WD2	2
pot341	Sensor	DIA2017	WD2	2
pot342	Sensor	DIA2017	WD2	2
pot343	Sensor	DIA2017	WD2	2
pot344	Sensor	DIA2017	WD2	2
pot345	Sensor	DIA2017	WD2	2
pot346	Sensor	DIA2017	WD2	2
pot347	Sensor	DIA2017	WD2	2
pot348	Sensor	DIA2017	WD2	2
pot349	Sensor	DIA2017	WD2	2
pot350	Sensor	DIA2017	WD2	2
pot351	Sensor	DIA2017	WD2	2
pot352	Sensor	DIA2017	WD2	2
pot353	Sensor	DIA2017	WD2	2
pot354	Sensor	DIA2017	WD2	2
pot355	Sensor	DIA2017	WD2	2
pot356	Sensor	DIA2017	WD2	2
pot357	Sensor	DIA2017	WD2	2
pot358	Sensor	DIA2017	WD2	2
pot359	Sensor	DIA2017	WD2	2
pot360	Sensor	DIA2017	WD2	2
pot361	Sensor	DIA2017	WD2	2
pot362	Sensor	DIA2017	WD2	2
pot363	Sensor	DIA2017	WD2	2
pot364	Sensor	DIA2017	WD2	2
pot365	Sensor	DIA2017	WD2	2
pot366	Sensor	DIA2017	WD2	2
pot367	Sensor	DIA2017	WD2	2
pot368	Sensor	DIA2017	WD2	2
pot369	Sensor	DIA2017	WD2	2
pot370	Sensor	DIA2017	WD2	2
pot371	Sensor	DIA2017	WD2	2
pot372	Sensor	DIA2017	WD2	2
pot373	Sensor	DIA2017	WD2	2
pot374	Sensor	DIA2017	WD2	2
pot375	Sensor	DIA2017	WD2	2
pot376	Sensor	DIA2017	WD2	2
pot377	Sensor	DIA2017	WD2	2
pot378	Sensor	DIA2017	WD2	2
pot379	Sensor	DIA2017	WD2	2
pot380	Sensor	DIA2017	WD2	2
pot381	Sensor	DIA2017	WD2	2
pot382	Sensor	DIA2017	WD2	2
pot383	Sensor	DIA2017	WD2	2
pot384	Sensor	DIA2017	WD2	2
pot385	Sensor	DIA2017	WD2	2
pot386	Sensor	DIA2017	WD2	2
pot387	Sensor	DIA2017	WD2	2
pot388	Sensor	DIA2017	WD2	2
pot389	Sensor	DIA2017	WD2	2
pot390	Sensor	DIA2017	WD2	2
