,Alias	Type	Experiment	Species	Variety	ExperimentModalities	Repetition,URI
0,1/DZ_PG_67/ZM4394/WW/1/DIA2017-05-19	Plant	DIA2017	Maize	iPG310	WW	1,test/m3p/id/event/2020/f613255dfbde05a5bbf1d96b0cdde769481c28c28597dbb1f558b5cd
1,2/DZ_PG_30/ZM4361/WW/1/DIA2017-05-19	Plant	DIA2017	Maize	iPG152	WW	1,test/m3p/id/event/2020/ab1ece1727856ff9068316707190cc7e1b013aec2614d88f40c1a88e
2,3/DZ_PG_49/ZM4389/WW/1/DIA2017-05-19	Plant	DIA2017	Maize	iPG228	WW	1,test/m3p/id/event/2020/294fd9e6a868427f0e2d0ee39b1b346d980468327d0f18cb9f571c48
3,4/DZ_PG_66/ZM4391/WW/1/DIA2017-05-19	Plant	DIA2017	Maize	iPG318	WW	1,test/m3p/id/event/2020/2181e24f46d7f8d5179ebbc44e6097a184e740ba7386de81bffe2bf8
4,5/DZ_PG_20/ZM4344/WW/1/DIA2017-05-19	Plant	DIA2017	Maize	iPG119	WW	1,test/m3p/id/event/2020/1924ceebc130041a195a1eca5352f4e5085dd827b64f410ff221fb3d
5,6/DKC4590/XXXX/WW/1/DIA2017-05-19	Plant	DIA2017	Maize	DKC4590	WW	1,test/m3p/id/event/2020/0d3b11dfa1c793712202d483f811204da2f816a48718de0700d384de
6,7/DKC4590/XXXX/WW/1/DIA2017-05-19	Plant	DIA2017	Maize	DKC4590	WW	1,test/m3p/id/event/2020/a9ab128c0d6156a224c74abb10aad2d104eeb0af6ff98300f63776d2
7,8/DZ_PG_02/ZM4356/WW/1/DIA2017-05-19	Plant	DIA2017	Maize	iPG007	WW	1,test/m3p/id/event/2020/43135317499b20aff2653265e956796ca676bbc3a2889a97f410a61e
8,9/DZ_PG_16/ZM4359/WW/1/DIA2017-05-19	Plant	DIA2017	Maize	iPG109	WW	1,test/m3p/id/event/2020/adc216a42540232c571656932a2b5c05f9707277308a019f98fa1fdb
9,10/DZ_PG_48/ZM4421/WW/1/DIA2017-05-19	Plant	DIA2017	Maize	iPG216	WW	1,test/m3p/id/event/2020/f193e8b0c6e8e436ed6fbff804917367733cddc04514d1865452f399
10,11/DZ_PG_25/ZM4382/WW/1/DIA2017-05-19	Plant	DIA2017	Maize	iPG136	WW	1,test/m3p/id/event/2020/a0d0d3b54d78d292192473e2464f2a542508e5ac829d2bf3c36f11d3
11,12/DZ_PG_10/ZM4365/WW/1/DIA2017-05-19	Plant	DIA2017	Maize	iPG073	WW	1,test/m3p/id/event/2020/e7bedacebad77e3bc61d1e27db602019c6e0fc954d6c856bd2719968
12,13/DZ_PG_24/ZM4342/WW/1/DIA2017-05-19	Plant	DIA2017	Maize	iPG131	WW	1,test/m3p/id/event/2020/2e5ba8a2ad4d980bf12ad347793fc8f78dc98cb784d1a55b2736b1ed
13,14/DZ_PG_22/ZM4349/WW/1/DIA2017-05-19	Plant	DIA2017	Maize	iPG121	WW	1,test/m3p/id/event/2020/0c3b2f7a183b4da0f26320821c7180b00355add1fbe6d2883ec30970
14,15/DZ_PG_54/ZM4346/WW/1/DIA2017-05-19	Plant	DIA2017	Maize	iPG116	WW	1,test/m3p/id/event/2020/4ae3bbc4465e15556409862a95b66ff34bdc831737afe95e87927b1d
15,16/DZ_PG_62/ZM4393/WW/1/DIA2017-05-19	Plant	DIA2017	Maize	iPG303	WW	1,test/m3p/id/event/2020/5400fdf1f4c55063e17eac780f18845794bbdc6cefb614aeac3b04f9
16,17/DZ_PG_37/ZM4364/WW/1/DIA2017-05-19	Plant	DIA2017	Maize	iPG167	WW	1,test/m3p/id/event/2020/31dc0991ec841a4ec90fafa217d60a2d18014b607894e0a2d17751d4
17,18/DZ_PG_53/ZM4345/WW/1/DIA2017-05-19	Plant	DIA2017	Maize	iPG190	WW	1,test/m3p/id/event/2020/388c5565f59627f4a4063ac770173bbcdee14a0a2171eeef9b1263f1
18,19/DZ_PG_69/ZM4396/WW/1/DIA2017-05-19	Plant	DIA2017	Maize	iPG312	WW	1,test/m3p/id/event/2020/fd47c6f9e2a5cc56e7b999e01996006f2d4f7bc9c034089568e0c91b
19,20/DKC4590/XXXX/WW/1/DIA2017-05-19	Plant	DIA2017	Maize	DKC4590	WW	1,test/m3p/id/event/2020/af1eb06e2240f41c4c6d667e9d035dbe8f9909952d6cc8e5acaa9bfe
20,21/DZ_PG_26/ZM4387/WW/1/DIA2017-05-19	Plant	DIA2017	Maize	iPG138	WW	1,test/m3p/id/event/2020/63d60bde69708d0cc9f1f0413c961cff7d1a6102c1638fef3e200d76
21,22/DZ_PG_50/ZM4363/WW/1/DIA2017-05-19	Plant	DIA2017	Maize	iPG233	WW	1,test/m3p/id/event/2020/45aae75f0203de09782aaf41c000ad5b2d7eb4dd635e1dec21911424
22,23/DZ_PG_08/ZM4343/WW/1/DIA2017-05-19	Plant	DIA2017	Maize	iPG063	WW	1,test/m3p/id/event/2020/27ac12eef07d64c1b5666378b393298b7894744402ac8a0879870631
23,24/DZ_PG_19/ZM4367/WW/1/DIA2017-05-19	Plant	DIA2017	Maize	iPG117	WW	1,test/m3p/id/event/2020/a2f6ae55ec1454f2e46fbc013cab155488dedf6788063e82baa90cd6
24,25/DZ_PG_51/ZM4350/WW/1/DIA2017-05-19	Plant	DIA2017	Maize	iPG234	WW	1,test/m3p/id/event/2020/258ae38cc544ad596409a4650cbd1b9602bf978a95bf692b37f24a6f
25,26/DZ_PG_12/ZM1304_lot1/WW/1/DIA2017-05-19	Plant	DIA2017	Maize	iPG082	WW	1,test/m3p/id/event/2020/fc9548b6b07fe753b448302df1f7017658646309ae6c8747c435d2e1
26,27/DZ_PG_74/ZM4397/WW/1/DIA2017-05-19	Plant	DIA2017	Maize	iPG313	WW	1,test/m3p/id/event/2020/4e7a22f63e962bb7c95e399c0f61b20b8bf006afcad11504c85e2562
27,28/DZ_PG_72/ZM4398/WW/1/DIA2017-05-19	Plant	DIA2017	Maize	iPG314	WW	1,test/m3p/id/event/2020/def4a178734a4b39424e900b0650bbabfae8d804763ce00445702dd8
28,29/DZ_PG_47/ZM4362/WW/1/DIA2017-05-19	Plant	DIA2017	Maize	iPG202	WW	1,test/m3p/id/event/2020/85248702c02d98fb023b16b0c67059dcc3cd69854b0dc8958293c132
29,30/DZ_PG_04/ZM4366/WW/1/DIA2017-05-19	Plant	DIA2017	Maize	iPG321	WW	1,test/m3p/id/event/2020/50fe4eeb8c92232559b9ce6bba86eebdead4c2610154fa3f7e7684a9
30,31/DZ_PG_62/ZM4393/WW/1/DIA2017-05-19	Plant	DIA2017	Maize	iPG303	WW	1,test/m3p/id/event/2020/88bad85f18d912000d1e745eb890dc859d7c6ef11a305a37dafbf991
31,32/DZ_PG_03/ZM4377/WW/1/DIA2017-05-19	Plant	DIA2017	Maize	iPG017	WW	1,test/m3p/id/event/2020/66348d03d012c50199bf8b45546ba5b405dcef3a0d4ed4a963c42327
32,33/DZ_PG_40/ZM4390/WW/1/DIA2017-05-19	Plant	DIA2017	Maize	iPG176	WW	1,test/m3p/id/event/2020/d6913851735a2ded943811b50e14cc3258cd53e45cdc870552d21e1e
33,34/DZ_PG_14/ZM4375/WW/1/DIA2017-05-19	Plant	DIA2017	Maize	iPG101	WW	1,test/m3p/id/event/2020/6c542180c4ad8da1c5760e973173b363d7fc08cf5a2010e2a23f4ef0
34,35/DZ_PG_33/ZM4353/WW/1/DIA2017-05-19	Plant	DIA2017	Maize	iPG158	WW	1,test/m3p/id/event/2020/81931bd9d06f5e836a7dd91c3ebdfb5f5afe7451cc754f4b4bbafbec
35,36/DZ_PG_17/ZM4348/WW/1/DIA2017-05-19	Plant	DIA2017	Maize	iPG110	WW	1,test/m3p/id/event/2020/f492c87d5a9759494f0b157ba796e6dc54fb9b75fff79ebf54f47118
36,37/DZ_PG_43/ZM4380/WW/1/DIA2017-05-19	Plant	DIA2017	Maize	iPG188	WW	1,test/m3p/id/event/2020/fbeebbbbf8dde5b6a94a0cd03a79b8848ae0933fb3be66e6c4d6ca5c
37,38/DZ_PG_21/ZM4360/WW/1/DIA2017-05-19	Plant	DIA2017	Maize	iPG120	WW	1,test/m3p/id/event/2020/5f4771825617c4ce362978228c9a969fd060fb584d4b8a9de4b6bb37
38,39/DZ_PG_23/ZM4388/WW/1/DIA2017-05-19	Plant	DIA2017	Maize	iPG128	WW	1,test/m3p/id/event/2020/c11b6e194be8e20c865b4b2fc9bfc515c2e5915e6b60b9967343df85
39,40/DZ_PG_09/ZM4368/WW/1/DIA2017-05-19	Plant	DIA2017	Maize	iPG066	WW	1,test/m3p/id/event/2020/796ebe09a9e0712286a527607805f48ef4490cb6293e6e03a4ade845
40,41/DZ_PG_01/ZM4381/WW/1/DIA2017-05-19	Plant	DIA2017	Maize	iPG004	WW	1,test/m3p/id/event/2020/79c2a8767a483063916628468a94975354fb00d07abb8187817cae72
41,42/DZ_PG_68/ZM4395/WW/1/DIA2017-05-19	Plant	DIA2017	Maize	iPG311	WW	1,test/m3p/id/event/2020/c53a1583df77d31a46129419126e9083468462882c255e627cccfbe5
42,43/DZ_PG_39/ZM4371/WW/1/DIA2017-05-19	Plant	DIA2017	Maize	iPG173	WW	1,test/m3p/id/event/2020/d6c28aafa0e2044d727548627806c5dfd860171d0a81407c1361fd17
43,44/DZ_PG_34/ZM4384/WW/1/DIA2017-05-19	Plant	DIA2017	Maize	iPG159	WW	1,test/m3p/id/event/2020/46cd533d0997110202a9314afb8de2f6ad119a4ada0b21eca76cd9fa
44,45/DKC4590/XXXX/WW/1/DIA2017-05-19	Plant	DIA2017	Maize	DKC4590	WW	1,test/m3p/id/event/2020/1d500cdfbf90ec1888e1d20322c153e682eba9efdeb2a9f84519a6e3
45,46/DKC4590/XXXX/WW/1/DIA2017-05-19	Plant	DIA2017	Maize	DKC4590	WW	1,test/m3p/id/event/2020/e74b4ac43237abca4e981cdf6f544ad606aa039b340a0acf6cd5f8ad
46,47/DZ_PG_36/ZM4372/WW/1/DIA2017-05-19	Plant	DIA2017	Maize	iPG165	WW	1,test/m3p/id/event/2020/99d068d846a04c8a18b57e60f88e62e1b9796389607593ea5086b4a3
47,48/DZ_PG_41/ZM4378/WW/1/DIA2017-05-19	Plant	DIA2017	Maize	iPG181	WW	1,test/m3p/id/event/2020/5922e4954126b938a0c5758bdf2d47f7e78d20bee1f3307c1ee20f38
48,49/DZ_PG_07/ZM4351/WW/1/DIA2017-05-19	Plant	DIA2017	Maize	iPG062	WW	1,test/m3p/id/event/2020/356f8d3a94dcef9c0b3a18dc151d9c2767bc7cf55627eca7b361f15b
49,50/DZ_PG_62/ZM4393/WW/1/DIA2017-05-19	Plant	DIA2017	Maize	iPG303	WW	1,test/m3p/id/event/2020/4b58ca029566e8cfa335a68c0153764fc03136e9c8fbc8f7d6047f20
50,51/DZ_PG_52/ZM4370/WW/1/DIA2017-05-19	Plant	DIA2017	Maize	iPG239	WW	1,test/m3p/id/event/2020/0d33dfaf6c9a76d3dae7c1226597c2e6bf904588c3028bb680da6dd4
51,52/DZ_PG_55/ZM4355/WW/1/DIA2017-05-19	Plant	DIA2017	Maize	iPG146	WW	1,test/m3p/id/event/2020/a85f883be0a7dafa7a4f97a38a6a7e498bbaf3c9b7b8d6505dee3907
52,53/DZ_PG_13/ZM4379/WW/1/DIA2017-05-19	Plant	DIA2017	Maize	iPG089	WW	1,test/m3p/id/event/2020/dbde12c0643a6131cbc5c6f0f03d93d70ab6be4523eaaa3cebc57061
53,54/DZ_PG_45/ZM4385/WW/1/DIA2017-05-19	Plant	DIA2017	Maize	iPG194	WW	1,test/m3p/id/event/2020/bb4a94cd430ccdce63146651fa502b28b960dc6279a61b8d85c8d795
54,55/DZ_PG_11/ZM4386/WW/1/DIA2017-05-19	Plant	DIA2017	Maize	iPG077	WW	1,test/m3p/id/event/2020/9446258766be49702a37762fa8eff60d645f5b21424286c9367819b1
55,56/DZ_PG_05/ZM4357/WW/1/DIA2017-05-19	Plant	DIA2017	Maize	iPG026	WW	1,test/m3p/id/event/2020/b516844089e944b10a19e74b92d733c02de9ae9152901b9b37e90c95
56,57/DZ_PG_27/ZM4354/WW/1/DIA2017-05-19	Plant	DIA2017	Maize	iPG103	WW	1,test/m3p/id/event/2020/256a8dc2c3e5d20b82f1f528a7ade31b4b7401e5d6e517cd2b6fd41c
57,58/DZ_PG_35/ZM4358/WW/1/DIA2017-05-19	Plant	DIA2017	Maize	iPG164	WW	1,test/m3p/id/event/2020/56029b57b922821a80868957a7bbcdb290e9761750ff7b375cd84a8e
58,59/DZ_PG_44/ZM4369/WW/1/DIA2017-05-19	Plant	DIA2017	Maize	iPG189	WW	1,test/m3p/id/event/2020/8d5b55f13998e768ebbc564de57a97e5ffea86bc9c7fbb6025bdbd5a
59,60/DZ_PG_32/ZM4352/WW/1/DIA2017-05-19	Plant	DIA2017	Maize	iPG155	WW	1,test/m3p/id/event/2020/7229c2ec08928bab3e1942b728ea0dce597f091e8c40a874eae84555
60,61/DZ_PG_31/ZM4347/WW/1/DIA2017-05-19	Plant	DIA2017	Maize	iPG153	WW	1,test/m3p/id/event/2020/11581b71a925d9feac24bb603b8ce3c1ccfd1659dfa9e5b5d464b79f
61,62/DZ_PG_63/ZM4392/WW/1/DIA2017-05-19	Plant	DIA2017	Maize	iPG304	WW	1,test/m3p/id/event/2020/0f7ef121f59673f595c943b859640bc88d183de21dc74b6c189d10fa
62,63/DZ_PG_06/ZM4376/WW/1/DIA2017-05-19	Plant	DIA2017	Maize	iPG029	WW	1,test/m3p/id/event/2020/e967db9063ad05bc1445eb5170bbe1e372aca59011447b6fe1e0f552
63,64/DZ_PG_67/ZM4394/WW/1/DIA2017-05-19	Plant	DIA2017	Maize	iPG310	WW	1,test/m3p/id/event/2020/f575fc15817340e312621f9f082c696a010ab6f065c93e9bce496006
64,65/DZ_PG_46/ZM4374/WW/1/DIA2017-05-19	Plant	DIA2017	Maize	iPG195	WW	1,test/m3p/id/event/2020/7faa4a030e8abce38b5114a76e64a4bb2937e944cc1e916f8e484e04
65,66/DZ_PG_26/ZM4387/WW/2/DIA2017-05-19	Plant	DIA2017	Maize	iPG138	WW	2,test/m3p/id/event/2020/4082b1926a7a743219e128b45a00682862f874355e43a22677ee7771
66,67/DZ_PG_55/ZM4355/WW/2/DIA2017-05-19	Plant	DIA2017	Maize	iPG146	WW	2,test/m3p/id/event/2020/267dcb113c4773e05ac26f3de9b9fdae1640957cd146a41d7b8aec3e
67,68/DZ_PG_03/ZM4377/WW/2/DIA2017-05-19	Plant	DIA2017	Maize	iPG017	WW	2,test/m3p/id/event/2020/fc82c349732a9edfff9755132626fba8aeaa3a4cd2eb3a2881f18a25
68,69/DZ_PG_32/ZM4352/WW/2/DIA2017-05-19	Plant	DIA2017	Maize	iPG155	WW	2,test/m3p/id/event/2020/d439fa992800ff454d0885e6822788e545e7697e76a17bef3b43e7c1
69,70/DZ_PG_43/ZM4380/WW/2/DIA2017-05-19	Plant	DIA2017	Maize	iPG188	WW	2,test/m3p/id/event/2020/0113e1647853e9784a7e508d13a7c9db773f622d4ade42a5a65244ee
70,71/DZ_PG_12/ZM1304_lot1/WW/2/DIA2017-05-19	Plant	DIA2017	Maize	iPG082	WW	2,test/m3p/id/event/2020/ad9b526915a21e8ce73a7ac4bb197050188dc49ebfb3510c8abb0cdf
71,72/DZ_PG_39/ZM4371/WW/2/DIA2017-05-19	Plant	DIA2017	Maize	iPG173	WW	2,test/m3p/id/event/2020/d8ed5202e4bc48483bc35f23a0695f1a54101c03c4bfacfca1a3f92d
72,73/DZ_PG_17/ZM4348/WW/2/DIA2017-05-19	Plant	DIA2017	Maize	iPG110	WW	2,test/m3p/id/event/2020/8167408bd2881668b086fa9499563d84e1f63f9cc45c6c480d73bb1f
73,74/DZ_PG_20/ZM4344/WW/2/DIA2017-05-19	Plant	DIA2017	Maize	iPG119	WW	2,test/m3p/id/event/2020/708308581ddca02b5d0ee9fa588802100125bb067cd6e70baf0350aa
74,75/DZ_PG_69/ZM4396/WW/2/DIA2017-05-19	Plant	DIA2017	Maize	iPG312	WW	2,test/m3p/id/event/2020/8ee7101eed2a73f6efd009ecab9bff0c7c33aa2a4258ad3257238d9b
75,76/DZ_PG_31/ZM4347/WW/2/DIA2017-05-19	Plant	DIA2017	Maize	iPG153	WW	2,test/m3p/id/event/2020/d74b6f762a5090dd9354814884ea05a1a0c9400fed944e510bbefdf7
76,77/DZ_PG_37/ZM4364/WW/2/DIA2017-05-19	Plant	DIA2017	Maize	iPG167	WW	2,test/m3p/id/event/2020/0f7ef121f59673f595c943b859640bc88d183de21dc74b6c189d10fa
77,78/DZ_PG_40/ZM4390/WW/2/DIA2017-05-19	Plant	DIA2017	Maize	iPG176	WW	2,test/m3p/id/event/2020/91febbeb04b3a8f9f815d59a3b9cd666c364bbb7e484682623bd1c7f
78,79/DZ_PG_50/ZM4363/WW/2/DIA2017-05-19	Plant	DIA2017	Maize	iPG233	WW	2,test/m3p/id/event/2020/8ee7101eed2a73f6efd009ecab9bff0c7c33aa2a4258ad3257238d9b
79,80/DZ_PG_68/ZM4395/WW/2/DIA2017-05-19	Plant	DIA2017	Maize	iPG311	WW	2,test/m3p/id/event/2020/755cabe323f9bfa722227b6b9b40e6b2da220582d928ed32a71fb271
80,81/DZ_PG_10/ZM4365/WW/2/DIA2017-05-19	Plant	DIA2017	Maize	iPG073	WW	2,test/m3p/id/event/2020/ed7569f9b398d2c70a46c17ad12829d1445e818d05c2176c5492b32d
81,82/DZ_PG_54/ZM4346/WW/2/DIA2017-05-19	Plant	DIA2017	Maize	iPG116	WW	2,test/m3p/id/event/2020/e17b106456dbffe07907896d44ba54357a09a89fb7663e8a327b857d
82,83/DZ_PG_36/ZM4372/WW/2/DIA2017-05-19	Plant	DIA2017	Maize	iPG165	WW	2,test/m3p/id/event/2020/0717d705040fdb9b4da516f41c800742b65ce06ad584154c9a6599d0
83,84/DZ_PG_67/ZM4394/WW/2/DIA2017-05-19	Plant	DIA2017	Maize	iPG310	WW	2,test/m3p/id/event/2020/352d238a2a845ce73cf313efe5895cbdfebe85798964ff565603fde1
84,85/DKC4590/XXXX/WW/2/DIA2017-05-19	Plant	DIA2017	Maize	DKC4590	WW	2,test/m3p/id/event/2020/c4edad4868bc6a0f01cc49e3bf40cbe44a5385074c8c42f076685d6b
85,86/DKC4590/XXXX/WW/2/DIA2017-05-19	Plant	DIA2017	Maize	DKC4590	WW	2,test/m3p/id/event/2020/2f881d78158f7dea03a700d546b2736eabd0906d232da7ee7fbf8abe
86,87/DZ_PG_47/ZM4362/WW/2/DIA2017-05-19	Plant	DIA2017	Maize	iPG202	WW	2,test/m3p/id/event/2020/7faa4a030e8abce38b5114a76e64a4bb2937e944cc1e916f8e484e04
87,88/DZ_PG_67/ZM4394/WW/2/DIA2017-05-19	Plant	DIA2017	Maize	iPG310	WW	2,test/m3p/id/event/2020/2bcec785d2c7251dc75dc8523b1bd04b13fdd16ff7974ad5f552e97d
88,89/DZ_PG_22/ZM4349/WW/2/DIA2017-05-19	Plant	DIA2017	Maize	iPG121	WW	2,test/m3p/id/event/2020/3bc6f6076ecbe4f53841592f43bc64f76b35f854ea5358ca4d72b47f
89,90/DZ_PG_35/ZM4358/WW/2/DIA2017-05-19	Plant	DIA2017	Maize	iPG164	WW	2,test/m3p/id/event/2020/2f2975c0cbea1ce3b107cad3e9906c425d4f1ea02e1aa3ad23cbdc7b
90,91/DZ_PG_49/ZM4389/WW/2/DIA2017-05-19	Plant	DIA2017	Maize	iPG228	WW	2,test/m3p/id/event/2020/01944ac730dc96f8dab443e826b15aaeaf5124bea013d636fb096817
91,92/DZ_PG_53/ZM4345/WW/2/DIA2017-05-19	Plant	DIA2017	Maize	iPG190	WW	2,test/m3p/id/event/2020/1c46183a80fa4b55903b9be42479b6a1fa1c767997e45444ce7d1aa6
92,93/DZ_PG_41/ZM4378/WW/2/DIA2017-05-19	Plant	DIA2017	Maize	iPG181	WW	2,test/m3p/id/event/2020/569f5df352702076905eaf8fe0cad199046326a0e92e8ba1bd2910ef
93,94/DZ_PG_21/ZM4360/WW/2/DIA2017-05-19	Plant	DIA2017	Maize	iPG120	WW	2,test/m3p/id/event/2020/4f238e36c2f5229d7b57d129afdc3eb733571534c2656fd9d635d955
94,95/DZ_PG_51/ZM4350/WW/2/DIA2017-05-19	Plant	DIA2017	Maize	iPG234	WW	2,test/m3p/id/event/2020/1924ceebc130041a195a1eca5352f4e5085dd827b64f410ff221fb3d
95,96/DZ_PG_27/ZM4354/WW/2/DIA2017-05-19	Plant	DIA2017	Maize	iPG103	WW	2,test/m3p/id/event/2020/3268312d2c5a0d0275ac693bee04bf4003858c42a234f371879ae5fa
96,97/DZ_PG_45/ZM4385/WW/2/DIA2017-05-19	Plant	DIA2017	Maize	iPG194	WW	2,test/m3p/id/event/2020/2f881d78158f7dea03a700d546b2736eabd0906d232da7ee7fbf8abe
97,98/DKC4590/XXXX/WW/2/DIA2017-05-19	Plant	DIA2017	Maize	DKC4590	WW	2,test/m3p/id/event/2020/1b4308b49a56ea5b9aaf87b5db81e04947f7e21d0a6fbcad2ffb65c5
98,99/DZ_PG_30/ZM4361/WW/2/DIA2017-05-19	Plant	DIA2017	Maize	iPG152	WW	2,test/m3p/id/event/2020/617bf094655f9653eef4dd5868eb952f38894f42536e9b80ba2fca1d
99,100/DZ_PG_16/ZM4359/WW/2/DIA2017-05-19	Plant	DIA2017	Maize	iPG109	WW	2,test/m3p/id/event/2020/5e798f712a798502da2950eac38a1568e5d2228349219b5d0d96d19f
100,101/DZ_PG_11/ZM4386/WW/2/DIA2017-05-19	Plant	DIA2017	Maize	iPG077	WW	2,test/m3p/id/event/2020/f6a75c6bbf92eff08f04470171a82c6c11bcd6b96de3444837f22f84
101,102/DZ_PG_13/ZM4379/WW/2/DIA2017-05-19	Plant	DIA2017	Maize	iPG089	WW	2,test/m3p/id/event/2020/f76458ab01c61f07a4b8889822c2e22707ec6c8a9808fe6b0b459fa7
102,103/DZ_PG_48/ZM4421/WW/2/DIA2017-05-19	Plant	DIA2017	Maize	iPG216	WW	2,test/m3p/id/event/2020/dbd9331045f1981a0183830f8e04765585ac1bd38f6d2cce40de55dc
103,104/DZ_PG_14/ZM4375/WW/2/DIA2017-05-19	Plant	DIA2017	Maize	iPG101	WW	2,test/m3p/id/event/2020/cdd371301fefd155942a877a750b797d2ed3db0e5291e86def9ddf42
104,105/DZ_PG_02/ZM4356/WW/2/DIA2017-05-19	Plant	DIA2017	Maize	iPG007	WW	2,test/m3p/id/event/2020/813e49249cf89a5f4726694e525a34c85ed774b118fdb156f54dc0cd
105,106/DZ_PG_24/ZM4342/WW/2/DIA2017-05-19	Plant	DIA2017	Maize	iPG131	WW	2,test/m3p/id/event/2020/81b3ae870a1057657eca4060e9b4740031a4bc83f96c3e351b305e8b
106,107/DZ_PG_52/ZM4370/WW/2/DIA2017-05-19	Plant	DIA2017	Maize	iPG239	WW	2,test/m3p/id/event/2020/37f936754e1d22e956e9e468b809ed613cb39b332bc2a0ef0c945e27
107,108/DZ_PG_34/ZM4384/WW/2/DIA2017-05-19	Plant	DIA2017	Maize	iPG159	WW	2,test/m3p/id/event/2020/299c9b050bcd56de162afc9b930cb6b8f47869c88a944e8b8f711483
108,109/DZ_PG_46/ZM4374/WW/2/DIA2017-05-19	Plant	DIA2017	Maize	iPG195	WW	2,test/m3p/id/event/2020/cdd371301fefd155942a877a750b797d2ed3db0e5291e86def9ddf42
109,110/DKC4590/XXXX/WW/2/DIA2017-05-19	Plant	DIA2017	Maize	DKC4590	WW	2,test/m3p/id/event/2020/659792317915b6c638e6334cf2823e1ae3a0ea537e54fcee24e95825
110,111/DKC4590/XXXX/WW/2/DIA2017-05-19	Plant	DIA2017	Maize	DKC4590	WW	2,test/m3p/id/event/2020/8dbefcbde700c59a2042de4359441df06ee20ccee4a58ddbaf86f91d
111,112/DZ_PG_63/ZM4392/WW/2/DIA2017-05-19	Plant	DIA2017	Maize	iPG304	WW	2,test/m3p/id/event/2020/3cbf9912247e1fa998fcd936037bd2d758eea7c9a1e4d32530b3293b
112,113/DZ_PG_06/ZM4376/WW/2/DIA2017-05-19	Plant	DIA2017	Maize	iPG029	WW	2,test/m3p/id/event/2020/e1eb80f372f09e7175f5d7f9c01c5bc06c9e215501dfe9e8d5bf39f7
113,114/DZ_PG_33/ZM4353/WW/2/DIA2017-05-19	Plant	DIA2017	Maize	iPG158	WW	2,test/m3p/id/event/2020/6c905a484091b8fd5e27b0cbdb51751f6de1f15f2f0d9d1b06149e92
114,115/DZ_PG_09/ZM4368/WW/2/DIA2017-05-19	Plant	DIA2017	Maize	iPG066	WW	2,test/m3p/id/event/2020/c05730c3a7a2dbef1693c0299929166dd379d9b57a1ddc5024aa2b48
115,116/DZ_PG_08/ZM4343/WW/2/DIA2017-05-19	Plant	DIA2017	Maize	iPG063	WW	2,test/m3p/id/event/2020/78ec206ca897e392f99f0463603b6659e94a01960079ff5dff64bb70
116,117/DZ_PG_23/ZM4388/WW/2/DIA2017-05-19	Plant	DIA2017	Maize	iPG128	WW	2,test/m3p/id/event/2020/ea39dbdfcbc3b4a3b593a7345a5b929675c15302c6d7314a5ca67ced
117,118/DZ_PG_74/ZM4397/WW/2/DIA2017-05-19	Plant	DIA2017	Maize	iPG313	WW	2,test/m3p/id/event/2020/f9b91488b53084bde19b9b84c80f703295144f838f120c4c5c7ef25e
118,119/DZ_PG_62/ZM4393/WW/2/DIA2017-05-19	Plant	DIA2017	Maize	iPG303	WW	2,test/m3p/id/event/2020/88ea03f935e0e3cb94be94471fd127599d4886d3eb62ef8d4f58cc6f
119,120/DZ_PG_62/ZM4393/WW/2/DIA2017-05-19	Plant	DIA2017	Maize	iPG303	WW	2,test/m3p/id/event/2020/e19e159906ed1955c31ee7f04bb6134331fd800601b558d81a238207
120,121/DZ_PG_19/ZM4367/WW/2/DIA2017-05-19	Plant	DIA2017	Maize	iPG117	WW	2,test/m3p/id/event/2020/5d500eefd1e2502e4a9dfe3d920a873c2ffac20fff741f1d0d8c6139
121,122/DZ_PG_72/ZM4398/WW/2/DIA2017-05-19	Plant	DIA2017	Maize	iPG314	WW	2,test/m3p/id/event/2020/ed396a16160f911b74fa5d3f1fb0f636e58ee07997641840318c59ee
122,123/DZ_PG_07/ZM4351/WW/2/DIA2017-05-19	Plant	DIA2017	Maize	iPG062	WW	2,test/m3p/id/event/2020/ff3e8685e2a7a1d38c5525aa095c06ccf6f3df41d622de0f99c05546
123,124/DZ_PG_01/ZM4381/WW/2/DIA2017-05-19	Plant	DIA2017	Maize	iPG004	WW	2,test/m3p/id/event/2020/9915bb7e954566ea0cd051b84757bd5c57fd74f87dba697936989b19
124,125/DZ_PG_44/ZM4369/WW/2/DIA2017-05-19	Plant	DIA2017	Maize	iPG189	WW	2,test/m3p/id/event/2020/91febbeb04b3a8f9f815d59a3b9cd666c364bbb7e484682623bd1c7f
125,126/DZ_PG_62/ZM4393/WW/2/DIA2017-05-19	Plant	DIA2017	Maize	iPG303	WW	2,test/m3p/id/event/2020/b3206c76a1208742461004ba5629e05b575ebaf7f8dd68e6679c44b1
126,127/DZ_PG_25/ZM4382/WW/2/DIA2017-05-19	Plant	DIA2017	Maize	iPG136	WW	2,test/m3p/id/event/2020/292af507a0bda52fd749b8687e907e40b6b6b7ecdff503d52f6a162d
127,128/DZ_PG_04/ZM4366/WW/2/DIA2017-05-19	Plant	DIA2017	Maize	iPG321	WW	2,test/m3p/id/event/2020/8144048ca2482e0d5efd15a40e56bec220878cd8489029eed3d48687
128,129/DZ_PG_66/ZM4391/WW/2/DIA2017-05-19	Plant	DIA2017	Maize	iPG318	WW	2,test/m3p/id/event/2020/bdc405877acb1e9b0c15aa8ba42249e545e0336aae389f63637b48b1
129,130/DZ_PG_05/ZM4357/WW/2/DIA2017-05-19	Plant	DIA2017	Maize	iPG026	WW	2,test/m3p/id/event/2020/958d42a83cf840cde79922f0795fd6ac7da4d2df828edc32244bb3ba
130,131/DZ_PG_40/ZM4390/WD1/1/DIA2017-05-19	Plant	DIA2017	Maize	iPG176	WD1	1,test/m3p/id/event/2020/26fb0d4f97c63457c60cec367ef9e8cad223ad51089bb68e107a2f81
131,132/DZ_PG_33/ZM4353/WD1/1/DIA2017-05-19	Plant	DIA2017	Maize	iPG158	WD1	1,test/m3p/id/event/2020/5210b70980d6ab62e90099dd90f6a7f009a26c4dfb30fdf11448b301
132,133/DZ_PG_12/ZM1304_lot1/WD1/1/DIA2017-05-19	Plant	DIA2017	Maize	iPG082	WD1	1,test/m3p/id/event/2020/ec822cf5686c2e2c96d2314a6693b8b411f82b33f0b9e6ff8ea44348
133,134/DZ_PG_53/ZM4345/WD1/1/DIA2017-05-19	Plant	DIA2017	Maize	iPG190	WD1	1,test/m3p/id/event/2020/1dc1c160284a5b1d5cbb04f6856c4c34806d33ceee7158b426821beb
134,135/DZ_PG_48/ZM4421/WD1/1/DIA2017-05-19	Plant	DIA2017	Maize	iPG216	WD1	1,test/m3p/id/event/2020/932d8a37044393933da0a75d53b653ff6588757a167a364a25ffe0dd
135,136/DZ_PG_72/ZM4398/WD1/1/DIA2017-05-19	Plant	DIA2017	Maize	iPG314	WD1	1,test/m3p/id/event/2020/d3031eaf00da1f9a71da4ce63c7f168f501a4946705bc9bcbfdb7083
136,137/DZ_PG_09/ZM4368/WD1/1/DIA2017-05-19	Plant	DIA2017	Maize	iPG066	WD1	1,test/m3p/id/event/2020/d39522db6634f1de600116d57aae525c5a749ab810919be620e40ccc
137,138/DZ_PG_31/ZM4347/WD1/1/DIA2017-05-19	Plant	DIA2017	Maize	iPG153	WD1	1,test/m3p/id/event/2020/1f81137d9e3d21fc2e200cbc123017f6d8a7758115623b8ee14a1ad9
138,139/DZ_PG_74/ZM4397/WD1/1/DIA2017-05-19	Plant	DIA2017	Maize	iPG313	WD1	1,test/m3p/id/event/2020/28c78338664550bc1f9eee7adf3f66c633d43739675cbf0fe8f23965
139,140/DZ_PG_22/ZM4349/WD1/1/DIA2017-05-19	Plant	DIA2017	Maize	iPG121	WD1	1,test/m3p/id/event/2020/8e0f451513e2f54d26870ed083afd70e98a47af699a794298cf96ca8
140,141/DZ_PG_01/ZM4381/WD1/1/DIA2017-05-19	Plant	DIA2017	Maize	iPG004	WD1	1,test/m3p/id/event/2020/f8284ca08e1aa0eadca437d3553413bd91e90c4aa46d20dce0026f6d
141,142/DZ_PG_27/ZM4354/WD1/1/DIA2017-05-19	Plant	DIA2017	Maize	iPG103	WD1	1,test/m3p/id/event/2020/4c16ee8c810aa93faf5bf667da58339d86380c62640475d94e23a588
142,143/DZ_PG_46/ZM4374/WD1/1/DIA2017-05-19	Plant	DIA2017	Maize	iPG195	WD1	1,test/m3p/id/event/2020/708308581ddca02b5d0ee9fa588802100125bb067cd6e70baf0350aa
143,144/DZ_PG_25/ZM4382/WD1/1/DIA2017-05-19	Plant	DIA2017	Maize	iPG136	WD1	1,test/m3p/id/event/2020/72c46573e7c471f10fdbcf3236df394e76aa5322cf4c8ac0c41adf43
144,145/DZ_PG_55/ZM4355/WD1/1/DIA2017-05-19	Plant	DIA2017	Maize	iPG146	WD1	1,test/m3p/id/event/2020/86edc13cf016c38597f92767c329a4f7c913a6abe252615441b38fbf
145,146/DZ_PG_10/ZM4365/WD1/1/DIA2017-05-19	Plant	DIA2017	Maize	iPG073	WD1	1,test/m3p/id/event/2020/213dc696064a054ec7d753dc7fd01b2413487b989eb063d61c2d9f29
146,147/DZ_PG_21/ZM4360/WD1/1/DIA2017-05-19	Plant	DIA2017	Maize	iPG120	WD1	1,test/m3p/id/event/2020/8984293228b63f37a6c0b83e832b28fdbe6d8ba5572a678df9a94b87
147,148/DZ_PG_34/ZM4384/WD1/1/DIA2017-05-19	Plant	DIA2017	Maize	iPG159	WD1	1,test/m3p/id/event/2020/6c542180c4ad8da1c5760e973173b363d7fc08cf5a2010e2a23f4ef0
148,149/DZ_PG_62/ZM4393/WD1/1/DIA2017-05-19	Plant	DIA2017	Maize	iPG303	WD1	1,test/m3p/id/event/2020/786ee92d44bb79f3d0818c23cab56a33a33d07a452897fe8fabe28e8
149,150/DKC4590/XXXX/WD1/1/DIA2017-05-19	Plant	DIA2017	Maize	DKC4590	WD1	1,test/m3p/id/event/2020/824277c3f5af59a627400d80592798227ece581ca3c1ee8824d350a3
150,151/DKC4590/XXXX/WD1/1/DIA2017-05-19	Plant	DIA2017	Maize	DKC4590	WD1	1,test/m3p/id/event/2020/35080d73b782c448c9bf46dccb4fc819ddc39e31a6c1e1d941e59d65
151,152/DZ_PG_13/ZM4379/WD1/1/DIA2017-05-19	Plant	DIA2017	Maize	iPG089	WD1	1,test/m3p/id/event/2020/b97aa206ed1846eb84cddfb06ed20f9a97e78043063043ae57ae217b
152,153/DZ_PG_11/ZM4386/WD1/1/DIA2017-05-19	Plant	DIA2017	Maize	iPG077	WD1	1,test/m3p/id/event/2020/3fec3dcfc661e747490c4339738102f68ac2c9484dc14455cd611de5
153,154/DZ_PG_47/ZM4362/WD1/1/DIA2017-05-19	Plant	DIA2017	Maize	iPG202	WD1	1,test/m3p/id/event/2020/894e9be77f764e5e6a970b1c65e9a1444361b4b308f9bebe3569dbfe
154,155/DZ_PG_43/ZM4380/WD1/1/DIA2017-05-19	Plant	DIA2017	Maize	iPG188	WD1	1,test/m3p/id/event/2020/8167408bd2881668b086fa9499563d84e1f63f9cc45c6c480d73bb1f
155,156/DZ_PG_50/ZM4363/WD1/1/DIA2017-05-19	Plant	DIA2017	Maize	iPG233	WD1	1,test/m3p/id/event/2020/5f4c8750def5053a634c3456d42b547d516a5d93c77dd06c9748eff4
156,157/DZ_PG_68/ZM4395/WD1/1/DIA2017-05-19	Plant	DIA2017	Maize	iPG311	WD1	1,test/m3p/id/event/2020/2e5c433cc88b394b8451f3e000db5376bf4392f5847942f104712401
157,158/DZ_PG_06/ZM4376/WD1/1/DIA2017-05-19	Plant	DIA2017	Maize	iPG029	WD1	1,test/m3p/id/event/2020/a750abdc866a7e772b48e2fc2634c926abd3552e25104565d42507a8
158,159/DZ_PG_66/ZM4391/WD1/1/DIA2017-05-19	Plant	DIA2017	Maize	iPG318	WD1	1,test/m3p/id/event/2020/5c3315e91599df265d065a9c7d533a6f8611a7a5b7e3aafa31244d07
159,160/DZ_PG_16/ZM4359/WD1/1/DIA2017-05-19	Plant	DIA2017	Maize	iPG109	WD1	1,test/m3p/id/event/2020/d439fa992800ff454d0885e6822788e545e7697e76a17bef3b43e7c1
160,161/DZ_PG_52/ZM4370/WD1/1/DIA2017-05-19	Plant	DIA2017	Maize	iPG239	WD1	1,test/m3p/id/event/2020/d8ed5202e4bc48483bc35f23a0695f1a54101c03c4bfacfca1a3f92d
161,162/DZ_PG_19/ZM4367/WD1/1/DIA2017-05-19	Plant	DIA2017	Maize	iPG117	WD1	1,test/m3p/id/event/2020/dfe9aa29ea70590fd23ddbb55c8eca5a38eccf95662f66c8cd97d582
162,163/DKC4590/XXXX/WD1/1/DIA2017-05-19	Plant	DIA2017	Maize	DKC4590	WD1	1,test/m3p/id/event/2020/f8c7b912768a2d281b50664e1ec3b30a7071398d278766553c386606
163,164/DZ_PG_17/ZM4348/WD1/1/DIA2017-05-19	Plant	DIA2017	Maize	iPG110	WD1	1,test/m3p/id/event/2020/638b3f0a8ef77af80e2ebeba76020ec0521d5dfde28ef8b00059f534
164,165/DZ_PG_62/ZM4393/WD1/1/DIA2017-05-19	Plant	DIA2017	Maize	iPG303	WD1	1,test/m3p/id/event/2020/2d8ace416ba2f00ae49c84aa8e13e72eb370855ce32a45c06d5ed9f2
165,166/DZ_PG_02/ZM4356/WD1/1/DIA2017-05-19	Plant	DIA2017	Maize	iPG007	WD1	1,test/m3p/id/event/2020/0a2e9a0abe016424a4179c2620ea2f119ee108255fb8be041aa7f6ed
166,167/DZ_PG_26/ZM4387/WD1/1/DIA2017-05-19	Plant	DIA2017	Maize	iPG138	WD1	1,test/m3p/id/event/2020/df4c99f507ec467222439b8f7bdab5a93263835430aaf1feda591105
167,168/DZ_PG_51/ZM4350/WD1/1/DIA2017-05-19	Plant	DIA2017	Maize	iPG234	WD1	1,test/m3p/id/event/2020/46de17e9bc55a4ec02c87c2f170ddd56afd8b12fcff5be2cab451c21
168,169/DZ_PG_35/ZM4358/WD1/1/DIA2017-05-19	Plant	DIA2017	Maize	iPG164	WD1	1,test/m3p/id/event/2020/ab1ece1727856ff9068316707190cc7e1b013aec2614d88f40c1a88e
169,170/DZ_PG_37/ZM4364/WD1/1/DIA2017-05-19	Plant	DIA2017	Maize	iPG167	WD1	1,test/m3p/id/event/2020/ca69f5a45931bb8338b45536f99e337d6a7080e07120da108cee8398
170,171/DZ_PG_03/ZM4377/WD1/1/DIA2017-05-19	Plant	DIA2017	Maize	iPG017	WD1	1,test/m3p/id/event/2020/1472a7882ca2cd577d0c05f9231e7962dd3351c21d95a3cc2367e574
171,172/DZ_PG_08/ZM4343/WD1/1/DIA2017-05-19	Plant	DIA2017	Maize	iPG063	WD1	1,test/m3p/id/event/2020/33f313c3a71b963266b938619c26c73fd7e10b0aee068aac693bbaba
172,173/DZ_PG_62/ZM4393/WD1/1/DIA2017-05-19	Plant	DIA2017	Maize	iPG303	WD1	1,test/m3p/id/event/2020/f06ecb96d542ebf077b52b0e2c968fccd376a4ea0ed901f4a2d018e2
173,174/DZ_PG_05/ZM4357/WD1/1/DIA2017-05-19	Plant	DIA2017	Maize	iPG026	WD1	1,test/m3p/id/event/2020/87319e1ceb28e02d31264e1d7f561ece3f17a35d59b647a8e466a1f6
174,175/DKC4590/XXXX/WD1/1/DIA2017-05-19	Plant	DIA2017	Maize	DKC4590	WD1	1,test/m3p/id/event/2020/3efd725b5a3b833eed82fd68a6da055d68376bb2ccab9723f2242b1f
175,176/DKC4590/XXXX/WD1/1/DIA2017-05-19	Plant	DIA2017	Maize	DKC4590	WD1	1,test/m3p/id/event/2020/538701d0fe56c227b64632519af0095271bfa12f1e3dcc9ecd6d5f9e
176,177/DZ_PG_23/ZM4388/WD1/1/DIA2017-05-19	Plant	DIA2017	Maize	iPG128	WD1	1,test/m3p/id/event/2020/0a2e9a0abe016424a4179c2620ea2f119ee108255fb8be041aa7f6ed
177,178/DZ_PG_30/ZM4361/WD1/1/DIA2017-05-19	Plant	DIA2017	Maize	iPG152	WD1	1,test/m3p/id/event/2020/66dbf620dc7774a5462f9d3651373e07ba9d091ae8ec425012d35abb
178,179/DZ_PG_69/ZM4396/WD1/1/DIA2017-05-19	Plant	DIA2017	Maize	iPG312	WD1	1,test/m3p/id/event/2020/71ca799313d01182e792a4d0636815cb281ce574ec7fe5dc67065917
179,180/DZ_PG_49/ZM4389/WD1/1/DIA2017-05-19	Plant	DIA2017	Maize	iPG228	WD1	1,test/m3p/id/event/2020/a4dc6d9cfc83090d2f94b9ed8f7e34335d18bc1ca95c3ca4c99c20cd
180,181/DZ_PG_45/ZM4385/WD1/1/DIA2017-05-19	Plant	DIA2017	Maize	iPG194	WD1	1,test/m3p/id/event/2020/07d60155e2522423995db85fe4d502c00f014d686db06a819b800480
181,182/DZ_PG_67/ZM4394/WD1/1/DIA2017-05-19	Plant	DIA2017	Maize	iPG310	WD1	1,test/m3p/id/event/2020/50e845847cdc81994f550875d201c13ddf1fce121dd96dc13ca0e3aa
182,183/DZ_PG_45/ZM4385/WD1/1/DIA2017-05-19	Plant	DIA2017	Maize	iPG194	WD1	1,test/m3p/id/event/2020/7f3356faec9772e2d2867efe686c1e1da50dabbfd13f632dedb88f17
183,184/DZ_PG_41/ZM4378/WD1/1/DIA2017-05-19	Plant	DIA2017	Maize	iPG181	WD1	1,test/m3p/id/event/2020/aab472df45d3bebc8aea59313c3e2f392432bfa27c375e2db9ab0062
184,185/DZ_PG_32/ZM4352/WD1/1/DIA2017-05-19	Plant	DIA2017	Maize	iPG155	WD1	1,test/m3p/id/event/2020/a514b7074d2a136d0af31f0d79f994752f7b481a577e996a48a33d27
185,186/DZ_PG_54/ZM4346/WD1/1/DIA2017-05-19	Plant	DIA2017	Maize	iPG116	WD1	1,test/m3p/id/event/2020/4d6f20766eba7164c52efffd4ae5af74cf068819f34a7827f5aef264
186,187/DZ_PG_24/ZM4342/WD1/1/DIA2017-05-19	Plant	DIA2017	Maize	iPG131	WD1	1,test/m3p/id/event/2020/076d364250f10e230a3a28b2a4175d7431b24bc290a8fe4f76f7c054
187,188/DZ_PG_07/ZM4351/WD1/1/DIA2017-05-19	Plant	DIA2017	Maize	iPG062	WD1	1,test/m3p/id/event/2020/bbfc17885b8a5270240861bccd1b690dc6574cfaccd9f603e80e46ec
188,189/DZ_PG_67/ZM4394/WD1/1/DIA2017-05-19	Plant	DIA2017	Maize	iPG310	WD1	1,test/m3p/id/event/2020/7fbd1c2e8cb4a3ca6d139658321ec92c31d45de63d6221045d420b0d
189,190/DZ_PG_44/ZM4369/WD1/1/DIA2017-05-19	Plant	DIA2017	Maize	iPG189	WD1	1,test/m3p/id/event/2020/29795667838b5a17a689b60480fb33be85c7ed120a88e799c6e303f5
190,191/DZ_PG_63/ZM4392/WD1/1/DIA2017-05-19	Plant	DIA2017	Maize	iPG304	WD1	1,test/m3p/id/event/2020/5a925c68987d1363917bf67f02a5ac9e3357d81b7c6017a0382882e7
191,192/DZ_PG_69/ZM4396/WD1/1/DIA2017-05-19	Plant	DIA2017	Maize	iPG312	WD1	1,test/m3p/id/event/2020/ea95132b9ae982e085afd64b83a1a481434a9e725fe1e0feb34158a2
192,193/DZ_PG_20/ZM4344/WD1/1/DIA2017-05-19	Plant	DIA2017	Maize	iPG119	WD1	1,test/m3p/id/event/2020/2ed64fa30de834bb98e6bf308093d9e617ebc4fa8b710048906f3cbb
193,194/DZ_PG_04/ZM4366/WD1/1/DIA2017-05-19	Plant	DIA2017	Maize	iPG321	WD1	1,test/m3p/id/event/2020/de0a13aab90b285db3fde617643bd713b7ae7e35a3792c5f539c98b8
194,195/DZ_PG_14/ZM4375/WD1/1/DIA2017-05-19	Plant	DIA2017	Maize	iPG101	WD1	1,test/m3p/id/event/2020/5d500eefd1e2502e4a9dfe3d920a873c2ffac20fff741f1d0d8c6139
195,196/DZ_PG_25/ZM4382/WD1/2/DIA2017-05-19	Plant	DIA2017	Maize	iPG136	WD1	2,test/m3p/id/event/2020/318a28af7e42bfd8e7a6e48e0a191439e0f42bac3fac7bc861c0305d
196,197/DZ_PG_19/ZM4367/WD1/2/DIA2017-05-19	Plant	DIA2017	Maize	iPG117	WD1	2,test/m3p/id/event/2020/a68bcde22b2a030b5f103bab7b6cbba7068b0bafb65b05af7c9bb700
197,198/DZ_PG_31/ZM4347/WD1/2/DIA2017-05-19	Plant	DIA2017	Maize	iPG153	WD1	2,test/m3p/id/event/2020/81b3ae870a1057657eca4060e9b4740031a4bc83f96c3e351b305e8b
198,199/DZ_PG_35/ZM4358/WD1/2/DIA2017-05-19	Plant	DIA2017	Maize	iPG164	WD1	2,test/m3p/id/event/2020/682d824685465b2579381e71094b9030ef3d82ef5679d8f6d27744fe
199,200/DZ_PG_17/ZM4348/WD1/2/DIA2017-05-19	Plant	DIA2017	Maize	iPG110	WD1	2,test/m3p/id/event/2020/2256d68fd6c93646ddae5f6434f63a5b3ca14b86f2261a55ecc54426
200,201/DZ_PG_24/ZM4342/WD1/2/DIA2017-05-19	Plant	DIA2017	Maize	iPG131	WD1	2,test/m3p/id/event/2020/92b72c299ad3d40feba03d38004028fb6b8dda64385d450f249753d8
201,202/DZ_PG_34/ZM4384/WD1/2/DIA2017-05-19	Plant	DIA2017	Maize	iPG159	WD1	2,test/m3p/id/event/2020/0a982892e9249f9a61f20763837a8be3d086e7776527d080ad2e5302
202,203/DZ_PG_50/ZM4363/WD1/2/DIA2017-05-19	Plant	DIA2017	Maize	iPG233	WD1	2,test/m3p/id/event/2020/b95d879e9266251e61821e09637f6003b7cc3d7055c625c0881d43c0
203,204/DZ_PG_04/ZM4366/WD1/2/DIA2017-05-19	Plant	DIA2017	Maize	iPG321	WD1	2,test/m3p/id/event/2020/5d500eefd1e2502e4a9dfe3d920a873c2ffac20fff741f1d0d8c6139
204,205/DZ_PG_49/ZM4389/WD1/2/DIA2017-05-19	Plant	DIA2017	Maize	iPG228	WD1	2,test/m3p/id/event/2020/fb82daca6ac4810cd015a2f3b196bf37bfb61d495e3b9db2420a8f7d
205,206/DZ_PG_21/ZM4360/WD1/2/DIA2017-05-19	Plant	DIA2017	Maize	iPG120	WD1	2,test/m3p/id/event/2020/82db4fdc44e1e3d204a20d6be9ffed0b6e53848e03970e56e8d47f64
206,207/DZ_PG_69/ZM4396/WD1/2/DIA2017-05-19	Plant	DIA2017	Maize	iPG312	WD1	2,test/m3p/id/event/2020/a65b9aff1ca328b12e7812d30a2b08cc878346c420acd4cfa84c23b9
207,208/DZ_PG_62/ZM4393/WD1/2/DIA2017-05-19	Plant	DIA2017	Maize	iPG303	WD1	2,test/m3p/id/event/2020/258ae38cc544ad596409a4650cbd1b9602bf978a95bf692b37f24a6f
208,209/DZ_PG_63/ZM4392/WD1/2/DIA2017-05-19	Plant	DIA2017	Maize	iPG304	WD1	2,test/m3p/id/event/2020/02314c59fc70bb1b1966d09aaaac689d8eae40c63bafb3f4cde3781d
209,210/DZ_PG_01/ZM4381/WD1/2/DIA2017-05-19	Plant	DIA2017	Maize	iPG004	WD1	2,test/m3p/id/event/2020/680f2867b720f33d30f0b5a1371b8a534193992ca3bb32c4269602ab
210,211/DZ_PG_12/ZM1304_lot1/WD1/2/DIA2017-05-19	Plant	DIA2017	Maize	iPG082	WD1	2,test/m3p/id/event/2020/19f6736fda5039f4817161e03fa3acd9429be278371ff44845cdbca6
211,212/DZ_PG_69/ZM4396/WD1/2/DIA2017-05-19	Plant	DIA2017	Maize	iPG312	WD1	2,test/m3p/id/event/2020/0717d705040fdb9b4da516f41c800742b65ce06ad584154c9a6599d0
212,213/DZ_PG_03/ZM4377/WD1/2/DIA2017-05-19	Plant	DIA2017	Maize	iPG017	WD1	2,test/m3p/id/event/2020/ef6d734ea6f90ad9349dcb5d5a9de521bc42a13db23dfa1e0d70c31d
213,214/DKC4590/XXXX/WD1/2/DIA2017-05-19	Plant	DIA2017	Maize	DKC4590	WD1	2,test/m3p/id/event/2020/5ff4495d09ba5579ac7aa536d3e1f9d95615c58fd2a75ee865940b74
214,215/DKC4590/XXXX/WD1/2/DIA2017-05-19	Plant	DIA2017	Maize	DKC4590	WD1	2,test/m3p/id/event/2020/7d3213df40aaefd7e335cf7057891d7c30723f8516d53b1c59c07000
215,216/DZ_PG_44/ZM4369/WD1/2/DIA2017-05-19	Plant	DIA2017	Maize	iPG189	WD1	2,test/m3p/id/event/2020/58b2aaa0bfae7acc021b3260e941117b529b2e69de878fd7d45c61a9
216,217/DZ_PG_45/ZM4385/WD1/2/DIA2017-05-19	Plant	DIA2017	Maize	iPG194	WD1	2,test/m3p/id/event/2020/a87234b99e86e4b3c115262f9c2fa482b1e9c465e10af18954efa6c2
217,218/DZ_PG_33/ZM4353/WD1/2/DIA2017-05-19	Plant	DIA2017	Maize	iPG158	WD1	2,test/m3p/id/event/2020/3a0344b89c1df8f4d2aad0cdf5f4743a3ccfa43769dc919b9a60418a
218,219/DZ_PG_52/ZM4370/WD1/2/DIA2017-05-19	Plant	DIA2017	Maize	iPG239	WD1	2,test/m3p/id/event/2020/2133a43f429f4c9d6a0912a17748fda5b73392b68a10f1723d1e904a
219,220/DZ_PG_45/ZM4385/WD1/2/DIA2017-05-19	Plant	DIA2017	Maize	iPG194	WD1	2,test/m3p/id/event/2020/a996191d3c3e815aa1cd48184b51932b89a1172a45449da7e6645e5f
220,221/DZ_PG_51/ZM4350/WD1/2/DIA2017-05-19	Plant	DIA2017	Maize	iPG234	WD1	2,test/m3p/id/event/2020/cbec7a591ca33f627470e9c75b539eec8859ca99ff854543c46c6661
221,222/DZ_PG_47/ZM4362/WD1/2/DIA2017-05-19	Plant	DIA2017	Maize	iPG202	WD1	2,test/m3p/id/event/2020/d348093d203f3da39e3e4a7248619ebee2c99d9f504512e007de3336
222,223/DZ_PG_48/ZM4421/WD1/2/DIA2017-05-19	Plant	DIA2017	Maize	iPG216	WD1	2,test/m3p/id/event/2020/c86a6ff24f77c8e6ebb1fb5cc224dca6c6dc217c4312e086bb491dd8
223,224/DZ_PG_11/ZM4386/WD1/2/DIA2017-05-19	Plant	DIA2017	Maize	iPG077	WD1	2,test/m3p/id/event/2020/5196228cc45c6bd478632ea21e6fd0c43a57e3df489639f8e7771f31
224,225/DZ_PG_43/ZM4380/WD1/2/DIA2017-05-19	Plant	DIA2017	Maize	iPG188	WD1	2,test/m3p/id/event/2020/786ee92d44bb79f3d0818c23cab56a33a33d07a452897fe8fabe28e8
225,226/DZ_PG_54/ZM4346/WD1/2/DIA2017-05-19	Plant	DIA2017	Maize	iPG116	WD1	2,test/m3p/id/event/2020/586b3deec93c4144a7693d10ea78a794242739cc21f3e68ae68fa693
226,227/DZ_PG_05/ZM4357/WD1/2/DIA2017-05-19	Plant	DIA2017	Maize	iPG026	WD1	2,test/m3p/id/event/2020/c56b4f9f8a9fd4b30d00e2adb50c7afd4e2e3da1ca31eeb134216547
227,228/DKC4590/XXXX/WD1/2/DIA2017-05-19	Plant	DIA2017	Maize	DKC4590	WD1	2,test/m3p/id/event/2020/892d81f6d835c94d9d00e939a58c7908cffd9be0f90960a4b610dafb
228,229/DZ_PG_20/ZM4344/WD1/2/DIA2017-05-19	Plant	DIA2017	Maize	iPG119	WD1	2,test/m3p/id/event/2020/04b03693324172449780258824d3e46630fc7ade46d0dd65bc316bf4
229,230/DZ_PG_72/ZM4398/WD1/2/DIA2017-05-19	Plant	DIA2017	Maize	iPG314	WD1	2,test/m3p/id/event/2020/4cb1ed3415117cc2eb3cf428209202a81dd9024da96f8e4f12e7042c
230,231/DZ_PG_41/ZM4378/WD1/2/DIA2017-05-19	Plant	DIA2017	Maize	iPG181	WD1	2,test/m3p/id/event/2020/2334265c997d99df367b2f2ee886615744446b3bd87514466257cc22
231,232/DZ_PG_74/ZM4397/WD1/2/DIA2017-05-19	Plant	DIA2017	Maize	iPG313	WD1	2,test/m3p/id/event/2020/31da1a042dc910775ed8b487afbdafd929a7afdeaadc660cb963bd26
232,233/DZ_PG_68/ZM4395/WD1/2/DIA2017-05-19	Plant	DIA2017	Maize	iPG311	WD1	2,test/m3p/id/event/2020/5f4771825617c4ce362978228c9a969fd060fb584d4b8a9de4b6bb37
233,234/DZ_PG_37/ZM4364/WD1/2/DIA2017-05-19	Plant	DIA2017	Maize	iPG167	WD1	2,test/m3p/id/event/2020/c49bd5f2fdeb86ea2c25f760f88f211e8e26806c2274fdc8357307b2
234,235/DZ_PG_22/ZM4349/WD1/2/DIA2017-05-19	Plant	DIA2017	Maize	iPG121	WD1	2,test/m3p/id/event/2020/2d8a438e7e37b7ec96db4ff09c778818e890e6ee594ca9291025e95d
235,236/DZ_PG_06/ZM4376/WD1/2/DIA2017-05-19	Plant	DIA2017	Maize	iPG029	WD1	2,test/m3p/id/event/2020/e8f01e7e2119032af73b56996055e33d0a339fc7ce2e3d350242bc86
236,237/DZ_PG_53/ZM4345/WD1/2/DIA2017-05-19	Plant	DIA2017	Maize	iPG190	WD1	2,test/m3p/id/event/2020/653f198a9bb75af3de0f34a10bc88e81701f2b0c160ba27d3e3e7127
237,238/DZ_PG_26/ZM4387/WD1/2/DIA2017-05-19	Plant	DIA2017	Maize	iPG138	WD1	2,test/m3p/id/event/2020/fd1f0c9ba01382aa84ef4b78f063244b265df8c5fb2876d132c99c19
238,239/DZ_PG_14/ZM4375/WD1/2/DIA2017-05-19	Plant	DIA2017	Maize	iPG101	WD1	2,test/m3p/id/event/2020/2d0612adf04f13cd89171ce92aaaf4244a45c74a4367404fc6ecb15c
239,240/DZ_PG_55/ZM4355/WD1/2/DIA2017-05-19	Plant	DIA2017	Maize	iPG146	WD1	2,test/m3p/id/event/2020/b9da7ff12ac0079b39be5ac3c8bf0276a8c317b17c8c46e2c92796e3
240,241/DKC4590/XXXX/WD1/2/DIA2017-05-19	Plant	DIA2017	Maize	DKC4590	WD1	2,test/m3p/id/event/2020/271f93f45e9b4067327ed5c8cd30a034730aaace4382803c3e1d6c2f
241,242/DKC4590/XXXX/WD1/2/DIA2017-05-19	Plant	DIA2017	Maize	DKC4590	WD1	2,test/m3p/id/event/2020/33f313c3a71b963266b938619c26c73fd7e10b0aee068aac693bbaba
242,243/DZ_PG_30/ZM4361/WD1/2/DIA2017-05-19	Plant	DIA2017	Maize	iPG152	WD1	2,test/m3p/id/event/2020/707b3866ec235c63f95f4dc89d6b575b5a62d81644da1270d0e3f3e0
243,244/DZ_PG_09/ZM4368/WD1/2/DIA2017-05-19	Plant	DIA2017	Maize	iPG066	WD1	2,test/m3p/id/event/2020/7229c2ec08928bab3e1942b728ea0dce597f091e8c40a874eae84555
244,245/DZ_PG_10/ZM4365/WD1/2/DIA2017-05-19	Plant	DIA2017	Maize	iPG073	WD1	2,test/m3p/id/event/2020/2572874544d24b43993f4404cf7b4c507be04377003d0e47093e3179
245,246/DZ_PG_66/ZM4391/WD1/2/DIA2017-05-19	Plant	DIA2017	Maize	iPG318	WD1	2,test/m3p/id/event/2020/4fa6d8ae27925fe9383d1674f2eaf61418bcffbcf16339a45f822324
246,247/DZ_PG_23/ZM4388/WD1/2/DIA2017-05-19	Plant	DIA2017	Maize	iPG128	WD1	2,test/m3p/id/event/2020/9446258766be49702a37762fa8eff60d645f5b21424286c9367819b1
247,248/DZ_PG_27/ZM4354/WD1/2/DIA2017-05-19	Plant	DIA2017	Maize	iPG103	WD1	2,test/m3p/id/event/2020/2f2975c0cbea1ce3b107cad3e9906c425d4f1ea02e1aa3ad23cbdc7b
248,249/DZ_PG_62/ZM4393/WD1/2/DIA2017-05-19	Plant	DIA2017	Maize	iPG303	WD1	2,test/m3p/id/event/2020/4ae3bbc4465e15556409862a95b66ff34bdc831737afe95e87927b1d
249,250/DZ_PG_13/ZM4379/WD1/2/DIA2017-05-19	Plant	DIA2017	Maize	iPG089	WD1	2,test/m3p/id/event/2020/299c9b050bcd56de162afc9b930cb6b8f47869c88a944e8b8f711483
250,251/DZ_PG_16/ZM4359/WD1/2/DIA2017-05-19	Plant	DIA2017	Maize	iPG109	WD1	2,test/m3p/id/event/2020/7fe65b976f2c7b5eb876402f228a9b99f56f89e605df71feb7dd8d7e
251,252/DZ_PG_32/ZM4352/WD1/2/DIA2017-05-19	Plant	DIA2017	Maize	iPG155	WD1	2,test/m3p/id/event/2020/76f7457079306ff10c449df2265ffd64acec90191bc794f5b28b0bdd
252,253/DZ_PG_77/ZM4452/WD1/2/DIA2017-05-19	Plant	DIA2017	Maize	iPG169	WD1	2,test/m3p/id/event/2020/66f454c8e62a7bc6fd38a9e995f37cb84046eee4dbebf0af112c1644
253,254/DZ_PG_62/ZM4393/WD1/2/DIA2017-05-19	Plant	DIA2017	Maize	iPG303	WD1	2,test/m3p/id/event/2020/e19e159906ed1955c31ee7f04bb6134331fd800601b558d81a238207
254,255/DZ_PG_02/ZM4356/WD1/2/DIA2017-05-19	Plant	DIA2017	Maize	iPG007	WD1	2,test/m3p/id/event/2020/267dcb113c4773e05ac26f3de9b9fdae1640957cd146a41d7b8aec3e
255,256/DZ_PG_08/ZM4343/WD1/2/DIA2017-05-19	Plant	DIA2017	Maize	iPG063	WD1	2,test/m3p/id/event/2020/4f29af4717220a0ff2bb95e9970172dd882883574c31962a0049f5ce
256,257/DZ_PG_67/ZM4394/WD1/2/DIA2017-05-19	Plant	DIA2017	Maize	iPG310	WD1	2,test/m3p/id/event/2020/7e3044ef93039ce310c8e848a5dfd99e3b915b321b8989fcb9c68f2e
257,258/DZ_PG_40/ZM4390/WD1/2/DIA2017-05-19	Plant	DIA2017	Maize	iPG176	WD1	2,test/m3p/id/event/2020/9d128f64b78800a049fe8ce25e458e595f55faeaba026ef29a9483e0
258,259/DZ_PG_07/ZM4351/WD1/2/DIA2017-05-19	Plant	DIA2017	Maize	iPG062	WD1	2,test/m3p/id/event/2020/1ffde5715e9dc9713188a3163af80a9c694ced3136d8e120651305ab
259,260/DZ_PG_67/ZM4394/WD1/2/DIA2017-05-19	Plant	DIA2017	Maize	iPG310	WD1	2,test/m3p/id/event/2020/54cc4bbed069c663420c9b7e0ce1a0154f29bb0adbf30cadb2672736
260,261/DZ_PG_51/ZM4350/WD2/1/DIA2017-05-19	Plant	DIA2017	Maize	iPG234	WD2	1,test/m3p/id/event/2020/ed4f83f1997cac03c33936acf0b81dd8f1ee0525db04274863e8e28a
261,262/DZ_PG_08/ZM4343/WD2/1/DIA2017-05-19	Plant	DIA2017	Maize	iPG063	WD2	1,test/m3p/id/event/2020/58ae9d78e54710ac2e13e401d1c7b1d24497ee84ddb24e43e443cc7b
262,263/DZ_PG_67/ZM4394/WD2/1/DIA2017-05-19	Plant	DIA2017	Maize	iPG310	WD2	1,test/m3p/id/event/2020/b237b4fd049be344f04f59ae44a5ed0d52becc62af267751cb74c177
263,264/DZ_PG_43/ZM4380/WD2/1/DIA2017-05-19	Plant	DIA2017	Maize	iPG188	WD2	1,test/m3p/id/event/2020/0a192892aa3af8d31c7d3a0eec4c3e0d3f1dd05730569d2cab8d951e
264,265/DZ_PG_01/ZM4381/WD2/1/DIA2017-05-19	Plant	DIA2017	Maize	iPG004	WD2	1,test/m3p/id/event/2020/9c74b2f41ee1af7c585f91b362cbf658aacb15a27824869ea551a9f0
265,266/DZ_PG_66/ZM4391/WD2/1/DIA2017-05-19	Plant	DIA2017	Maize	iPG318	WD2	1,test/m3p/id/event/2020/a1bb8d845709d9dc5b23a7d8147d30a0fae84e6eccf596985a6161ef
266,267/DZ_PG_69/ZM4396/WD2/1/DIA2017-05-19	Plant	DIA2017	Maize	iPG312	WD2	1,test/m3p/id/event/2020/0867ca68371e9b523c67b72dfd7c1a8a2b03d4eeb08e7e5d801031b0
267,268/DZ_PG_62/ZM4393/WD2/1/DIA2017-05-19	Plant	DIA2017	Maize	iPG303	WD2	1,test/m3p/id/event/2020/813e49249cf89a5f4726694e525a34c85ed774b118fdb156f54dc0cd
268,269/DZ_PG_04/ZM4366/WD2/1/DIA2017-05-19	Plant	DIA2017	Maize	iPG321	WD2	1,test/m3p/id/event/2020/9fde51a883a3587f45dfc6c098e2e3caadf2aa387fc8a86ad560a23d
269,270/DZ_PG_48/ZM4421/WD2/1/DIA2017-05-19	Plant	DIA2017	Maize	iPG216	WD2	1,test/m3p/id/event/2020/b7ca04940f962fc736a81c45538ebcfc346c13dbe37501ce7ca56779
270,271/DZ_PG_34/ZM4384/WD2/1/DIA2017-05-19	Plant	DIA2017	Maize	iPG159	WD2	1,test/m3p/id/event/2020/ba84b60e67d66d793d389adc635ad85b457db60a6c54ccbafeb39447
271,272/DZ_PG_69/ZM4396/WD2/1/DIA2017-05-19	Plant	DIA2017	Maize	iPG312	WD2	1,test/m3p/id/event/2020/4d57fe03511bbe5dd6a16675a595df5a1b967d9bcacf7525923749d1
272,273/DZ_PG_02/ZM4356/WD2/1/DIA2017-05-19	Plant	DIA2017	Maize	iPG007	WD2	1,test/m3p/id/event/2020/5ff4495d09ba5579ac7aa536d3e1f9d95615c58fd2a75ee865940b74
273,274/DZ_PG_32/ZM4352/WD2/1/DIA2017-05-19	Plant	DIA2017	Maize	iPG155	WD2	1,test/m3p/id/event/2020/19f6736fda5039f4817161e03fa3acd9429be278371ff44845cdbca6
274,275/DZ_PG_12/ZM1304_lot1/WD2/1/DIA2017-05-19	Plant	DIA2017	Maize	iPG082	WD2	1,test/m3p/id/event/2020/6c542180c4ad8da1c5760e973173b363d7fc08cf5a2010e2a23f4ef0
275,276/DZ_PG_03/ZM4377/WD2/1/DIA2017-05-19	Plant	DIA2017	Maize	iPG017	WD2	1,test/m3p/id/event/2020/46b7ebab2e3e096592fc006f0ae2666164d9c7ec4d2f0d49e99e51b5
276,277/DZ_PG_67/ZM4394/WD2/1/DIA2017-05-19	Plant	DIA2017	Maize	iPG310	WD2	1,test/m3p/id/event/2020/7fe65b976f2c7b5eb876402f228a9b99f56f89e605df71feb7dd8d7e
277,278/DZ_PG_30/ZM4361/WD2/1/DIA2017-05-19	Plant	DIA2017	Maize	iPG152	WD2	1,test/m3p/id/event/2020/7faa4a030e8abce38b5114a76e64a4bb2937e944cc1e916f8e484e04
278,279/DZ_PG_19/ZM4367/WD2/1/DIA2017-05-19	Plant	DIA2017	Maize	iPG117	WD2	1,test/m3p/id/event/2020/5f4c8750def5053a634c3456d42b547d516a5d93c77dd06c9748eff4
279,280/DZ_PG_21/ZM4360/WD2/1/DIA2017-05-19	Plant	DIA2017	Maize	iPG120	WD2	1,test/m3p/id/event/2020/a2a728d69944afd6917515829fc1f2ecada6e3085280f33b42c422d9
280,281/DZ_PG_55/ZM4355/WD2/1/DIA2017-05-19	Plant	DIA2017	Maize	iPG146	WD2	1,test/m3p/id/event/2020/5316efdf98e9b0d6aa3dca703d680db56c080e20294a9462d6cfce90
281,282/DZ_PG_68/ZM4395/WD2/1/DIA2017-05-19	Plant	DIA2017	Maize	iPG311	WD2	1,test/m3p/id/event/2020/d80220d54ef153cdd3d5e01176cbf77d3197cb07e5b1746bb94091c0
282,283/DZ_PG_27/ZM4354/WD2/1/DIA2017-05-19	Plant	DIA2017	Maize	iPG103	WD2	1,test/m3p/id/event/2020/bab1926a6c6d857e43f6332baeea42f28e1587b2e85b777d2a04c09f
283,284/DZ_PG_41/ZM4378/WD2/1/DIA2017-05-19	Plant	DIA2017	Maize	iPG181	WD2	1,test/m3p/id/event/2020/f6a75c6bbf92eff08f04470171a82c6c11bcd6b96de3444837f22f84
284,285/DZ_PG_63/ZM4392/WD2/1/DIA2017-05-19	Plant	DIA2017	Maize	iPG304	WD2	1,test/m3p/id/event/2020/49f4d3946bd9a5d38c3ac9b8f0e33204f852fa0a31c56239955851ac
285,286/DZ_PG_09/ZM4368/WD2/1/DIA2017-05-19	Plant	DIA2017	Maize	iPG066	WD2	1,test/m3p/id/event/2020/5a962d7c252e8012d889bd74ac184b6fe4435097484a25ff24cb8d97
286,287/DZ_PG_06/ZM4376/WD2/1/DIA2017-05-19	Plant	DIA2017	Maize	iPG029	WD2	1,test/m3p/id/event/2020/0925dff944e257ce6412267c48ca148f8344119fd0b982cd27a07daf
287,288/DZ_PG_22/ZM4349/WD2/1/DIA2017-05-19	Plant	DIA2017	Maize	iPG121	WD2	1,test/m3p/id/event/2020/4d57fe03511bbe5dd6a16675a595df5a1b967d9bcacf7525923749d1
288,289/DZ_PG_37/ZM4364/WD2/1/DIA2017-05-19	Plant	DIA2017	Maize	iPG167	WD2	1,test/m3p/id/event/2020/fd47c6f9e2a5cc56e7b999e01996006f2d4f7bc9c034089568e0c91b
289,290/DZ_PG_49/ZM4389/WD2/1/DIA2017-05-19	Plant	DIA2017	Maize	iPG228	WD2	1,test/m3p/id/event/2020/46cd533d0997110202a9314afb8de2f6ad119a4ada0b21eca76cd9fa
290,291/DZ_PG_17/ZM4348/WD2/1/DIA2017-05-19	Plant	DIA2017	Maize	iPG110	WD2	1,test/m3p/id/event/2020/04b03693324172449780258824d3e46630fc7ade46d0dd65bc316bf4
291,292/DZ_PG_72/ZM4398/WD2/1/DIA2017-05-19	Plant	DIA2017	Maize	iPG314	WD2	1,test/m3p/id/event/2020/d439fa992800ff454d0885e6822788e545e7697e76a17bef3b43e7c1
292,293/DZ_PG_47/ZM4362/WD2/1/DIA2017-05-19	Plant	DIA2017	Maize	iPG202	WD2	1,test/m3p/id/event/2020/93ec3e498cd78ef8202f38e3529d035889aa65e0b49e014bce581c7f
293,294/DZ_PG_13/ZM4379/WD2/1/DIA2017-05-19	Plant	DIA2017	Maize	iPG089	WD2	1,test/m3p/id/event/2020/8dbefcbde700c59a2042de4359441df06ee20ccee4a58ddbaf86f91d
294,295/DZ_PG_25/ZM4382/WD2/1/DIA2017-05-19	Plant	DIA2017	Maize	iPG136	WD2	1,test/m3p/id/event/2020/fd5e52ba19fe3d4f9ff373e8dbd70c7f5c10fa88245cb608feb8e094
295,296/DZ_PG_24/ZM4342/WD2/1/DIA2017-05-19	Plant	DIA2017	Maize	iPG131	WD2	1,test/m3p/id/event/2020/1f39cbecd890e4074800dc02d419e8136b99f3dc5380d45f80704a1b
296,297/DKC4590/XXXX/WD2/1/DIA2017-05-19	Plant	DIA2017	Maize	DKC4590	WD2	1,test/m3p/id/event/2020/659ecb23115e0a2e25bb50ddfa33454cdada44e510831fcabb42e158
297,298/DKC4590/XXXX/WD2/1/DIA2017-05-19	Plant	DIA2017	Maize	DKC4590	WD2	1,test/m3p/id/event/2020/ad22c618259a87baf82506998e7590e1747ad197f8f5a7a2697e2d79
298,299/DKC4590/XXXX/WD2/1/DIA2017-05-19	Plant	DIA2017	Maize	DKC4590	WD2	1,test/m3p/id/event/2020/d39769369bbde7c412e01bf32a3d8f7fc8f4f723017b000a5e623401
299,300/DZ_PG_52/ZM4370/WD2/1/DIA2017-05-19	Plant	DIA2017	Maize	iPG239	WD2	1,test/m3p/id/event/2020/54523e81e94b91d34a5d09c25111bfaface2c500a9a34ddd7834250f
300,301/DZ_PG_50/ZM4363/WD2/1/DIA2017-05-19	Plant	DIA2017	Maize	iPG233	WD2	1,test/m3p/id/event/2020/b623e7051b06dad8b77f1bb587117088aed3537edd5ae8fc1d6512e6
301,302/DZ_PG_14/ZM4375/WD2/1/DIA2017-05-19	Plant	DIA2017	Maize	iPG101	WD2	1,test/m3p/id/event/2020/d439fa992800ff454d0885e6822788e545e7697e76a17bef3b43e7c1
302,303/DZ_PG_20/ZM4344/WD2/1/DIA2017-05-19	Plant	DIA2017	Maize	iPG119	WD2	1,test/m3p/id/event/2020/c7994ee4adb8735a717d0c62bcd4fa438d599738237871acfca1c45d
303,304/DZ_PG_40/ZM4390/WD2/1/DIA2017-05-19	Plant	DIA2017	Maize	iPG176	WD2	1,test/m3p/id/event/2020/e4c50fc52f15fca11404f394de74fbc77b31007175b41e0954f86b4a
304,305/DKC4590/XXXX/WD2/1/DIA2017-05-19	Plant	DIA2017	Maize	DKC4590	WD2	1,test/m3p/id/event/2020/13b318debec7370e56beb26b1104130ab2a16b7be2e819c8f6b908f7
305,306/DKC4590/XXXX/WD2/1/DIA2017-05-19	Plant	DIA2017	Maize	DKC4590	WD2	1,test/m3p/id/event/2020/0925dff944e257ce6412267c48ca148f8344119fd0b982cd27a07daf
306,307/DZ_PG_62/ZM4393/WD2/1/DIA2017-05-19	Plant	DIA2017	Maize	iPG303	WD2	1,test/m3p/id/event/2020/0334eec4a00b1fbc7fcf4225707609c926a23a8c77b4def29fd71006
307,308/DZ_PG_23/ZM4388/WD2/1/DIA2017-05-19	Plant	DIA2017	Maize	iPG128	WD2	1,test/m3p/id/event/2020/871a864c38fb64099ad8bd0ee16c1f3c32e9e555db9656fab1875e29
308,309/DZ_PG_74/ZM4397/WD2/1/DIA2017-05-19	Plant	DIA2017	Maize	iPG313	WD2	1,test/m3p/id/event/2020/2336fe9cc4353d58ceae17f820ccd0f79559be1e0c1c42e163fb0610
309,310/DZ_PG_44/ZM4369/WD2/1/DIA2017-05-19	Plant	DIA2017	Maize	iPG189	WD2	1,test/m3p/id/event/2020/efc00a93d68e575d6ea7c2524b55e48411592c8429d574c73ac20b5d
310,311/DZ_PG_77/ZM4452/WD2/1/DIA2017-05-19	Plant	DIA2017	Maize	iPG169	WD2	1,test/m3p/id/event/2020/870567e360bba4ced0c0c4d3a71df432b376e51caf6f1aadd722ce7b
311,312/DZ_PG_62/ZM4393/WD2/1/DIA2017-05-19	Plant	DIA2017	Maize	iPG303	WD2	1,test/m3p/id/event/2020/e87b80d61c2a2eadf18667bf86c676872ad98f0e46269b6f55db320f
312,313/DZ_PG_45/ZM4385/WD2/1/DIA2017-05-19	Plant	DIA2017	Maize	iPG194	WD2	1,test/m3p/id/event/2020/16383865bbad3918ad08ba3b847944cbb15aa90c6a9b76e9074f9209
313,314/DZ_PG_36/ZM4372/WD2/1/DIA2017-05-19	Plant	DIA2017	Maize	iPG165	WD2	1,test/m3p/id/event/2020/56c8639ef235f92e672dbf8e79466bce07adf7a1247f0f8515dd5d9b
314,315/DZ_PG_11/ZM4386/WD2/1/DIA2017-05-19	Plant	DIA2017	Maize	iPG077	WD2	1,test/m3p/id/event/2020/1dfd85d3e9781839d3eab08f373e3de0892f2ffe44b7e14a2bf091ad
315,316/DZ_PG_35/ZM4358/WD2/1/DIA2017-05-19	Plant	DIA2017	Maize	iPG164	WD2	1,test/m3p/id/event/2020/77358b3ef7eed48dd79b1aeba57feb18817ea8464e58ccd6d2dcbd3e
316,317/DZ_PG_26/ZM4387/WD2/1/DIA2017-05-19	Plant	DIA2017	Maize	iPG138	WD2	1,test/m3p/id/event/2020/83b85acfa043ac38878432bdde118a4da20b9c9172fcc80ae6da171c
317,318/DZ_PG_07/ZM4351/WD2/1/DIA2017-05-19	Plant	DIA2017	Maize	iPG062	WD2	1,test/m3p/id/event/2020/779308ce9ba2450d2af9707e8120d841633381574b5f4503c2405ea3
318,319/DZ_PG_05/ZM4357/WD2/1/DIA2017-05-19	Plant	DIA2017	Maize	iPG026	WD2	1,test/m3p/id/event/2020/e0cff0f13ec37808a0e884c1b6878057fc5bdb1735e456fbc4458214
319,320/DZ_PG_31/ZM4347/WD2/1/DIA2017-05-19	Plant	DIA2017	Maize	iPG153	WD2	1,test/m3p/id/event/2020/8d5b55f13998e768ebbc564de57a97e5ffea86bc9c7fbb6025bdbd5a
320,321/DZ_PG_54/ZM4346/WD2/1/DIA2017-05-19	Plant	DIA2017	Maize	iPG116	WD2	1,test/m3p/id/event/2020/30911a156588843fd74687b9352e92a5cacc4fa00d6ae9eb23b1dc05
321,322/DZ_PG_33/ZM4353/WD2/1/DIA2017-05-19	Plant	DIA2017	Maize	iPG158	WD2	1,test/m3p/id/event/2020/26f7b7988978dde6e3fe9edd31ae532ac70a5595b45263eea32228fc
322,323/DZ_PG_16/ZM4359/WD2/1/DIA2017-05-19	Plant	DIA2017	Maize	iPG109	WD2	1,test/m3p/id/event/2020/6193508cc9dd214021e21f42c6ba32dde33e86d10f5e7a68aa58cf89
323,324/DZ_PG_10/ZM4365/WD2/1/DIA2017-05-19	Plant	DIA2017	Maize	iPG073	WD2	1,test/m3p/id/event/2020/135d49fed326b00741780d7e35c78ba25dacc1f209316cb36d8986c0
324,325/DZ_PG_53/ZM4345/WD2/1/DIA2017-05-19	Plant	DIA2017	Maize	iPG190	WD2	1,test/m3p/id/event/2020/28224273e772a1bce3a02c30691bab8d1e641eb113dfdd9213976e53
325,326/DZ_PG_53/ZM4345/WD2/2/DIA2017-05-19	Plant	DIA2017	Maize	iPG190	WD2	2,test/m3p/id/event/2020/573948d6bfba623a6b77ade42bb7494e3c9f26d280fa64d674e46c96
326,327/DZ_PG_14/ZM4375/WD2/2/DIA2017-05-19	Plant	DIA2017	Maize	iPG101	WD2	2,test/m3p/id/event/2020/20e4176e0ea95a13c1a490a8dd28792e656097774764406b72191296
327,328/DZ_PG_01/ZM4381/WD2/2/DIA2017-05-19	Plant	DIA2017	Maize	iPG004	WD2	2,test/m3p/id/event/2020/50fe4eeb8c92232559b9ce6bba86eebdead4c2610154fa3f7e7684a9
328,329/DZ_PG_67/ZM4394/WD2/2/DIA2017-05-19	Plant	DIA2017	Maize	iPG310	WD2	2,test/m3p/id/event/2020/4712eecec5cf26c1f77bcc4879bba80d1e6c11f72b74bc1fec97eac7
329,330/DZ_PG_02/ZM4356/WD2/2/DIA2017-05-19	Plant	DIA2017	Maize	iPG007	WD2	2,test/m3p/id/event/2020/691efc6da8f08c8e71a735be411d2855eba050e8ffc32f43833310fc
330,331/DZ_PG_37/ZM4364/WD2/2/DIA2017-05-19	Plant	DIA2017	Maize	iPG167	WD2	2,test/m3p/id/event/2020/a6bcfae8aab6fba7075d6464c478268fb7686f8ca80e79dc634485e2
331,332/DZ_PG_40/ZM4390/WD2/2/DIA2017-05-19	Plant	DIA2017	Maize	iPG176	WD2	2,test/m3p/id/event/2020/41477516492c6043d7e4d1746a6f488133a1b3099893440ebae08315
332,333/DZ_PG_12/ZM1304_lot1/WD2/2/DIA2017-05-19	Plant	DIA2017	Maize	iPG082	WD2	2,test/m3p/id/event/2020/de0460c01e3526bc7f0a7797ccb5301ec64250a02e1de3406e0d6256
333,334/DZ_PG_43/ZM4380/WD2/2/DIA2017-05-19	Plant	DIA2017	Maize	iPG188	WD2	2,test/m3p/id/event/2020/5a962d7c252e8012d889bd74ac184b6fe4435097484a25ff24cb8d97
334,335/DZ_PG_06/ZM4376/WD2/2/DIA2017-05-19	Plant	DIA2017	Maize	iPG029	WD2	2,test/m3p/id/event/2020/f1b88228adca62722dcefcbee62d5d0935001982c96c300af3f17b17
335,336/DZ_PG_19/ZM4367/WD2/2/DIA2017-05-19	Plant	DIA2017	Maize	iPG117	WD2	2,test/m3p/id/event/2020/3e8f71252149953377472eada1fa9fea501cd7596a1b18315e61b359
336,337/DZ_PG_36/ZM4372/WD2/2/DIA2017-05-19	Plant	DIA2017	Maize	iPG165	WD2	2,test/m3p/id/event/2020/301293eae4dadb468b4c0d8175c3b50897a15b1d15a6bd7521224061
337,338/DZ_PG_11/ZM4386/WD2/2/DIA2017-05-19	Plant	DIA2017	Maize	iPG077	WD2	2,test/m3p/id/event/2020/be6583a34a548787b8b52cb39f5aceb3c6e7bbe20c8b6651f94577c0
338,339/DZ_PG_62/ZM4393/WD2/2/DIA2017-05-19	Plant	DIA2017	Maize	iPG303	WD2	2,test/m3p/id/event/2020/da54e341a7ca173c1617b7aeb8015bc6e8502d5b95f85bb159e92942
339,340/DZ_PG_55/ZM4355/WD2/2/DIA2017-05-19	Plant	DIA2017	Maize	iPG146	WD2	2,test/m3p/id/event/2020/653f198a9bb75af3de0f34a10bc88e81701f2b0c160ba27d3e3e7127
340,341/DZ_PG_33/ZM4353/WD2/2/DIA2017-05-19	Plant	DIA2017	Maize	iPG158	WD2	2,test/m3p/id/event/2020/78d8045d684abd2eece923758f3cd781489df3a48e1278982466017f
341,342/DZ_PG_04/ZM4366/WD2/2/DIA2017-05-19	Plant	DIA2017	Maize	iPG321	WD2	2,test/m3p/id/event/2020/e1cc3773ffe7615434529108cfdaae703b396b9dda77bb93dd6b23f8
342,343/DZ_PG_48/ZM4421/WD2/2/DIA2017-05-19	Plant	DIA2017	Maize	iPG216	WD2	2,test/m3p/id/event/2020/92b72c299ad3d40feba03d38004028fb6b8dda64385d450f249753d8
343,344/DKC4590/XXXX/WD2/2/DIA2017-05-19	Plant	DIA2017	Maize	DKC4590	WD2	2,test/m3p/id/event/2020/4e7a22f63e962bb7c95e399c0f61b20b8bf006afcad11504c85e2562
344,345/DKC4590/XXXX/WD2/2/DIA2017-05-19	Plant	DIA2017	Maize	DKC4590	WD2	2,test/m3p/id/event/2020/a47b7deeb5dbd145db64e05ddae58cc731239e30066ce83287bc3898
345,346/DZ_PG_49/ZM4389/WD2/2/DIA2017-05-19	Plant	DIA2017	Maize	iPG228	WD2	2,test/m3p/id/event/2020/d33e98bbd005ecddc1d9cbce3cac2ae661133fd736475834c2cdbda9
346,347/DZ_PG_68/ZM4395/WD2/2/DIA2017-05-19	Plant	DIA2017	Maize	iPG311	WD2	2,test/m3p/id/event/2020/267dcb113c4773e05ac26f3de9b9fdae1640957cd146a41d7b8aec3e
347,348/DZ_PG_62/ZM4393/WD2/2/DIA2017-05-19	Plant	DIA2017	Maize	iPG303	WD2	2,test/m3p/id/event/2020/d5eb62bf5d82450d7d4d9335a24ff7fa7df1517d7f6da4174dd87cd1
348,349/DZ_PG_77/ZM4452/WD2/2/DIA2017-05-19	Plant	DIA2017	Maize	iPG169	WD2	2,test/m3p/id/event/2020/7fe65b976f2c7b5eb876402f228a9b99f56f89e605df71feb7dd8d7e
349,350/DZ_PG_32/ZM4352/WD2/2/DIA2017-05-19	Plant	DIA2017	Maize	iPG155	WD2	2,test/m3p/id/event/2020/0a192892aa3af8d31c7d3a0eec4c3e0d3f1dd05730569d2cab8d951e
350,351/DZ_PG_26/ZM4387/WD2/2/DIA2017-05-19	Plant	DIA2017	Maize	iPG138	WD2	2,test/m3p/id/event/2020/6193508cc9dd214021e21f42c6ba32dde33e86d10f5e7a68aa58cf89
351,352/DZ_PG_74/ZM4397/WD2/2/DIA2017-05-19	Plant	DIA2017	Maize	iPG313	WD2	2,test/m3p/id/event/2020/0a982892e9249f9a61f20763837a8be3d086e7776527d080ad2e5302
352,353/DZ_PG_54/ZM4346/WD2/2/DIA2017-05-19	Plant	DIA2017	Maize	iPG116	WD2	2,test/m3p/id/event/2020/0717d705040fdb9b4da516f41c800742b65ce06ad584154c9a6599d0
353,354/DZ_PG_67/ZM4394/WD2/2/DIA2017-05-19	Plant	DIA2017	Maize	iPG310	WD2	2,test/m3p/id/event/2020/fa943a88d23ebd3ff9e64de544892e36f1b3a7b7c31f651fa9737a8c
354,355/DZ_PG_62/ZM4393/WD2/2/DIA2017-05-19	Plant	DIA2017	Maize	iPG303	WD2	2,test/m3p/id/event/2020/3b81a400567eedcf50f1ab38ffac28b989dc01dc54b1f33c553d78c8
355,356/DZ_PG_69/ZM4396/WD2/2/DIA2017-05-19	Plant	DIA2017	Maize	iPG312	WD2	2,test/m3p/id/event/2020/74a7b35f183ed42dcc468513b5641b6cd7505a86c8dc1187fce15b33
356,357/DZ_PG_24/ZM4342/WD2/2/DIA2017-05-19	Plant	DIA2017	Maize	iPG131	WD2	2,test/m3p/id/event/2020/779308ce9ba2450d2af9707e8120d841633381574b5f4503c2405ea3
357,358/DKC4590/XXXX/WD2/2/DIA2017-05-19	Plant	DIA2017	Maize	DKC4590	WD2	2,test/m3p/id/event/2020/b78438be9c71c75357ae4ca8478cc16d779958ba25e51afbeefd4751
358,359/DZ_PG_34/ZM4384/WD2/2/DIA2017-05-19	Plant	DIA2017	Maize	iPG159	WD2	2,test/m3p/id/event/2020/786ee92d44bb79f3d0818c23cab56a33a33d07a452897fe8fabe28e8
359,360/DZ_PG_41/ZM4378/WD2/2/DIA2017-05-19	Plant	DIA2017	Maize	iPG181	WD2	2,test/m3p/id/event/2020/291c87136c406bc95b0e54cd0213a19ae87a501cf3224fef31b4c45f
360,361/DZ_PG_03/ZM4377/WD2/2/DIA2017-05-19	Plant	DIA2017	Maize	iPG017	WD2	2,test/m3p/id/event/2020/ff0fbffe0d42b0d952834f33ad481bbd44b7cf9a4ce626ebbb2a639c
361,362/DZ_PG_27/ZM4354/WD2/2/DIA2017-05-19	Plant	DIA2017	Maize	iPG103	WD2	2,test/m3p/id/event/2020/6e9d59350cc022222c3eb26bdefc372b11e25c11b732f38070448887
362,363/DZ_PG_25/ZM4382/WD2/2/DIA2017-05-19	Plant	DIA2017	Maize	iPG136	WD2	2,test/m3p/id/event/2020/ebeb858f987fe508f475b094634a298529b1297793925f11fe1f1743
363,364/DZ_PG_16/ZM4359/WD2/2/DIA2017-05-19	Plant	DIA2017	Maize	iPG109	WD2	2,test/m3p/id/event/2020/1b4308b49a56ea5b9aaf87b5db81e04947f7e21d0a6fbcad2ffb65c5
364,365/DZ_PG_44/ZM4369/WD2/2/DIA2017-05-19	Plant	DIA2017	Maize	iPG189	WD2	2,test/m3p/id/event/2020/04b03693324172449780258824d3e46630fc7ade46d0dd65bc316bf4
365,366/DZ_PG_10/ZM4365/WD2/2/DIA2017-05-19	Plant	DIA2017	Maize	iPG073	WD2	2,test/m3p/id/event/2020/c7af9fff3f078ce41a4ea4684de51171bd91d5c5ec591c2e99371553
366,367/DZ_PG_21/ZM4360/WD2/2/DIA2017-05-19	Plant	DIA2017	Maize	iPG120	WD2	2,test/m3p/id/event/2020/796ebe09a9e0712286a527607805f48ef4490cb6293e6e03a4ade845
367,368/DZ_PG_45/ZM4385/WD2/2/DIA2017-05-19	Plant	DIA2017	Maize	iPG194	WD2	2,test/m3p/id/event/2020/786ee92d44bb79f3d0818c23cab56a33a33d07a452897fe8fabe28e8
368,369/DZ_PG_35/ZM4358/WD2/2/DIA2017-05-19	Plant	DIA2017	Maize	iPG164	WD2	2,test/m3p/id/event/2020/33ea96d27268b0f6ddc3ee6891174d976625e2baf6159c9db2ff1836
369,370/DZ_PG_08/ZM4343/WD2/2/DIA2017-05-19	Plant	DIA2017	Maize	iPG063	WD2	2,test/m3p/id/event/2020/faf2c49e22e3fdae824e8e5d62956a5f50f16cd4d8f47948b787a582
370,371/DKC4590/XXXX/WD2/2/DIA2017-05-19	Plant	DIA2017	Maize	DKC4590	WD2	2,test/m3p/id/event/2020/77d2d457b42c6636bd9910bf1418bf12d4fd6b1c0b43058e0156e261
371,372/DKC4590/XXXX/WD2/2/DIA2017-05-19	Plant	DIA2017	Maize	DKC4590	WD2	2,test/m3p/id/event/2020/0f3831680516da59e64fb71df54d138d2a2b5f950dd6e3fddc624d8e
372,373/DZ_PG_17/ZM4348/WD2/2/DIA2017-05-19	Plant	DIA2017	Maize	iPG110	WD2	2,test/m3p/id/event/2020/824277c3f5af59a627400d80592798227ece581ca3c1ee8824d350a3
373,374/DZ_PG_07/ZM4351/WD2/2/DIA2017-05-19	Plant	DIA2017	Maize	iPG062	WD2	2,test/m3p/id/event/2020/56f59b5b0e5b784e69f821e0c5e5521f1ce9a93e9f47e14f69dcd343
374,375/DZ_PG_20/ZM4344/WD2/2/DIA2017-05-19	Plant	DIA2017	Maize	iPG119	WD2	2,test/m3p/id/event/2020/a91ca38cd2f3c8cfcc728522087fdb0743454f1410f0afe01e705cad
375,376/DZ_PG_09/ZM4368/WD2/2/DIA2017-05-19	Plant	DIA2017	Maize	iPG066	WD2	2,test/m3p/id/event/2020/56f59b5b0e5b784e69f821e0c5e5521f1ce9a93e9f47e14f69dcd343
376,377/DZ_PG_22/ZM4349/WD2/2/DIA2017-05-19	Plant	DIA2017	Maize	iPG121	WD2	2,test/m3p/id/event/2020/c69e5f88b071e295ff9a30d01bea760d6d8d632972bb27973c3efb2b
377,378/DZ_PG_13/ZM4379/WD2/2/DIA2017-05-19	Plant	DIA2017	Maize	iPG089	WD2	2,test/m3p/id/event/2020/7e4522141e78c301a8f4080740087a785e949f29c30fbbda203698fe
378,379/DZ_PG_63/ZM4392/WD2/2/DIA2017-05-19	Plant	DIA2017	Maize	iPG304	WD2	2,test/m3p/id/event/2020/22f9a871d0db035bbc515ea5c77d60212eb805f52b780f9271462cde
379,380/DZ_PG_50/ZM4363/WD2/2/DIA2017-05-19	Plant	DIA2017	Maize	iPG233	WD2	2,test/m3p/id/event/2020/b9da7ff12ac0079b39be5ac3c8bf0276a8c317b17c8c46e2c92796e3
380,381/DZ_PG_47/ZM4362/WD2/2/DIA2017-05-19	Plant	DIA2017	Maize	iPG202	WD2	2,test/m3p/id/event/2020/58ae9d78e54710ac2e13e401d1c7b1d24497ee84ddb24e43e443cc7b
381,382/DZ_PG_31/ZM4347/WD2/2/DIA2017-05-19	Plant	DIA2017	Maize	iPG153	WD2	2,test/m3p/id/event/2020/1924ceebc130041a195a1eca5352f4e5085dd827b64f410ff221fb3d
382,383/DZ_PG_69/ZM4396/WD2/2/DIA2017-05-19	Plant	DIA2017	Maize	iPG312	WD2	2,test/m3p/id/event/2020/4fd7600f5775324e1da5419b3ff539393ab0e09f5c2ef8fa49a74114
383,384/DZ_PG_52/ZM4370/WD2/2/DIA2017-05-19	Plant	DIA2017	Maize	iPG239	WD2	2,test/m3p/id/event/2020/fd6a4725e7e6300629b59c3a1ea2e28479fa9a86038b8fc165574dde
384,385/DZ_PG_72/ZM4398/WD2/2/DIA2017-05-19	Plant	DIA2017	Maize	iPG314	WD2	2,test/m3p/id/event/2020/b7653ab19ece4769bd4226f849e90f06eae5ce06218980c2ea0e6b98
385,386/DZ_PG_30/ZM4361/WD2/2/DIA2017-05-19	Plant	DIA2017	Maize	iPG152	WD2	2,test/m3p/id/event/2020/8b12622cca445d6afe7ef3b7aa102728e82f3db4d0ee7955fc659fed
386,387/DZ_PG_23/ZM4388/WD2/2/DIA2017-05-19	Plant	DIA2017	Maize	iPG128	WD2	2,test/m3p/id/event/2020/33ea96d27268b0f6ddc3ee6891174d976625e2baf6159c9db2ff1836
387,388/DZ_PG_05/ZM4357/WD2/2/DIA2017-05-19	Plant	DIA2017	Maize	iPG026	WD2	2,test/m3p/id/event/2020/6c166fcbaa50e0e6fe75f819363381af415ebd4e355e3874898c8708
388,389/DZ_PG_66/ZM4391/WD2/2/DIA2017-05-19	Plant	DIA2017	Maize	iPG318	WD2	2,test/m3p/id/event/2020/3b431e2735856ab03ae71d5bde6ea33db7f598b15a6601ada324acfa
389,390/DZ_PG_51/ZM4350/WD2/2/DIA2017-05-19	Plant	DIA2017	Maize	iPG234	WD2	2,test/m3p/id/event/2020/d439fa992800ff454d0885e6822788e545e7697e76a17bef3b43e7c1
